"Ticket";"Symbol";"Type";"Open time";"Open price";"Size";"Close time";"Close price";"Profit/Loss";"Balance";"Sample type";"Close type";"MAE ($)";"MFE ($)";"Time in trade";"Comment"
"1";"GBPJPY_DukasM1_the5ers";"Buy";"2003.09.05 17:00:00";"185.192";"0.2";"2003.09.08 01:01:00";"186.551";"176.74";"10176.74";"IS";"PT";"-47.61";"177.74";"2d 8h 1m";""
"2";"GBPJPY_DukasM1_the5ers";"Buy";"2003.09.10 17:00:00";"186.306";"0.19";"2003.09.11 17:07:00";"185.523";"-98.23";"10078.50";"IS";"SL";"-97.28";"90.82";"1d 0h 7m";""
"3";"GBPJPY_DukasM1_the5ers";"Buy";"2003.09.11 19:00:00";"186.538";"0.19";"2003.09.12 16:43:00";"187.969";"176.85";"10255.35";"IS";"PT";"-53.80";"177.80";"21h 43m";""
"4";"GBPJPY_DukasM1_the5ers";"Buy";"2003.10.03 01:00:00";"185.022";"0.18";"2003.10.03 10:38:00";"184.208";"-96.71";"10158.63";"IS";"SL";"-95.81";"33.31";"9h 38m";""
"5";"GBPJPY_DukasM1_the5ers";"Buy";"2003.10.06 09:00:00";"184.891";"0.19";"2003.10.07 13:00:00";"184.876";"-2.81";"10155.82";"IS";"Exit After X Bars";"-66.10";"160.28";"1d 4h 0m";""
"6";"GBPJPY_DukasM1_the5ers";"Buy";"2003.10.30 07:00:00";"183.838";"0.25";"2003.10.31 06:34:00";"184.912";"174.33";"10330.15";"IS";"PT";"-95.31";"175.58";"23h 34m";""
"7";"GBPJPY_DukasM1_the5ers";"Buy";"2003.11.14 14:00:00";"182.413";"0.23";"2003.11.17 02:42:00";"183.582";"174.67";"10504.82";"IS";"PT";"-23.31";"175.82";"2d 12h 42m";""
"8";"GBPJPY_DukasM1_the5ers";"Buy";"2003.12.05 05:00:00";"186.411";"0.22";"2003.12.08 09:00:00";"185.914";"-72.60";"10432.22";"IS";"Exit After X Bars";"-92.50";"44.74";"3d 4h 0m";""
"9";"GBPJPY_DukasM1_the5ers";"Buy";"2003.12.08 11:00:00";"186.179";"0.23";"2003.12.08 16:59:00";"185.536";"-97.86";"10334.36";"IS";"SL";"-96.71";"80.16";"5h 59m";""
"10";"GBPJPY_DukasM1_the5ers";"Buy";"2003.12.23 14:00:00";"189.542";"0.23";"2003.12.24 18:00:00";"189.916";"55.10";"10389.46";"IS";"Exit After X Bars";"-60.46";"100.92";"1d 4h 0m";""
"11";"GBPJPY_DukasM1_the5ers";"Buy";"2004.01.23 11:00:00";"195.586";"0.2";"2004.01.23 14:23:00";"194.847";"-97.65";"10291.81";"IS";"SL";"-96.65";"61.47";"3h 23m";""
"12";"GBPJPY_DukasM1_the5ers";"Buy";"2004.02.05 11:00:00";"193.246";"0.24";"2004.02.06 03:17:00";"194.364";"174.26";"10466.07";"IS";"PT";"-17.58";"175.46";"16h 17m";""
"13";"GBPJPY_DukasM1_the5ers";"Buy";"2004.02.11 12:00:00";"197.266";"0.22";"2004.02.11 18:51:00";"198.508";"177.58";"10643.65";"IS";"PT";"-45.46";"178.68";"6h 51m";""
"14";"GBPJPY_DukasM1_the5ers";"Buy";"2004.02.13 00:00:00";"199.387";"0.22";"2004.02.13 18:29:00";"198.705";"-99.21";"10544.44";"IS";"SL";"-98.11";"86.03";"18h 29m";""
"15";"GBPJPY_DukasM1_the5ers";"Buy";"2004.03.23 09:00:00";"197.515";"0.18";"2004.03.23 13:56:00";"196.692";"-97.77";"10446.66";"IS";"SL";"-96.87";"0.00";"4h 56m";""
"16";"GBPJPY_DukasM1_the5ers";"Buy";"2004.04.29 16:00:00";"195.337";"0.16";"2004.04.30 20:00:00";"195.919";"60.09";"10506.76";"IS";"Exit After X Bars";"-77.63";"133.19";"1d 4h 0m";""
"17";"GBPJPY_DukasM1_the5ers";"Buy";"2004.05.21 06:00:00";"200.862";"0.14";"2004.05.21 08:09:00";"199.797";"-98.20";"10408.56";"IS";"SL";"-97.50";"2.56";"2h 9m";""
"18";"GBPJPY_DukasM1_the5ers";"Buy";"2004.05.26 22:00:00";"202.923";"0.17";"2004.05.28 02:00:00";"203.888";"106.43";"10514.98";"IS";"Exit After X Bars";"-38.91";"120.84";"1d 4h 0m";""
"19";"GBPJPY_DukasM1_the5ers";"Buy";"2004.07.06 03:00:00";"199.803";"0.19";"2004.07.06 15:32:00";"201.223";"175.48";"10690.46";"IS";"PT";"-1.74";"176.43";"12h 32m";""
"20";"GBPJPY_DukasM1_the5ers";"Buy";"2004.07.08 16:00:00";"201.914";"0.17";"2004.07.09 04:56:00";"201.044";"-97.57";"10592.90";"IS";"SL";"-96.72";"28.35";"12h 56m";""
"21";"GBPJPY_DukasM1_the5ers";"Buy";"2004.07.21 18:00:00";"201.847";"0.16";"2004.07.22 22:00:00";"202.374";"54.34";"10647.24";"IS";"Exit After X Bars";"-66.02";"78.58";"1d 4h 0m";""
"22";"GBPJPY_DukasM1_the5ers";"Buy";"2004.07.23 11:00:00";"202.109";"0.21";"2004.07.23 21:54:00";"201.380";"-101.16";"10546.08";"IS";"SL";"-100.11";"51.22";"10h 54m";""
"23";"GBPJPY_DukasM1_the5ers";"Buy";"2004.07.27 17:00:00";"202.592";"0.21";"2004.07.28 19:17:00";"203.876";"175.27";"10721.35";"IS";"PT";"-95.17";"176.32";"1d 2h 17m";""
"24";"GBPJPY_DukasM1_the5ers";"Buy";"2004.08.10 17:00:00";"203.578";"0.24";"2004.08.11 12:32:00";"202.964";"-97.56";"10623.79";"IS";"SL";"-96.36";"67.80";"19h 32m";""
"25";"GBPJPY_DukasM1_the5ers";"Buy";"2004.09.02 06:00:00";"196.369";"0.22";"2004.09.02 15:58:00";"195.673";"-101.23";"10522.56";"IS";"SL";"-100.13";"31.51";"9h 58m";""
"26";"GBPJPY_DukasM1_the5ers";"Buy";"2004.09.13 07:00:00";"196.991";"0.23";"2004.09.13 14:44:00";"198.150";"173.17";"10695.73";"IS";"PT";"-87.84";"174.32";"7h 44m";""
"27";"GBPJPY_DukasM1_the5ers";"Buy";"2004.09.21 13:00:00";"196.675";"0.29";"2004.09.21 21:20:00";"197.614";"176.62";"10872.35";"IS";"PT";"-28.64";"178.07";"8h 20m";""
"28";"GBPJPY_DukasM1_the5ers";"Buy";"2004.10.01 01:00:00";"199.532";"0.22";"2004.10.01 11:13:00";"198.851";"-99.07";"10773.28";"IS";"SL";"-97.97";"18.70";"10h 13m";""
"29";"GBPJPY_DukasM1_the5ers";"Buy";"2004.10.05 18:00:00";"198.287";"0.23";"2004.10.06 11:58:00";"197.645";"-97.71";"10675.57";"IS";"SL";"-96.56";"90.09";"17h 58m";""
"30";"GBPJPY_DukasM1_the5ers";"Buy";"2004.10.07 10:00:00";"198.048";"0.25";"2004.10.08 06:46:00";"197.442";"-100.32";"10575.25";"IS";"SL";"-99.07";"39.73";"20h 46m";""
"31";"GBPJPY_DukasM1_the5ers";"Buy";"2004.10.15 10:00:00";"197.013";"0.28";"2004.10.15 12:01:00";"196.478";"-99.36";"10475.89";"IS";"SL";"-97.96";"15.20";"2h 1m";""
"32";"GBPJPY_DukasM1_the5ers";"Buy";"2004.11.02 10:00:00";"195.308";"0.25";"2004.11.03 12:03:00";"196.396";"176.62";"10652.51";"IS";"PT";"-85.50";"177.87";"1d 2h 3m";""
"33";"GBPJPY_DukasM1_the5ers";"Buy";"2004.11.05 15:00:00";"195.632";"0.26";"2004.11.05 15:36:00";"195.062";"-98.21";"10554.29";"IS";"SL";"-96.91";"14.11";"36m 0s";""
"34";"GBPJPY_DukasM1_the5ers";"Buy";"2004.11.10 08:00:00";"196.362";"0.3";"2004.11.10 16:13:00";"197.273";"177.22";"10731.51";"IS";"PT";"-16.87";"178.72";"8h 13m";""
"35";"GBPJPY_DukasM1_the5ers";"Buy";"2004.12.16 10:00:00";"202.508";"0.23";"2004.12.16 17:14:00";"201.864";"-98.01";"10633.50";"IS";"SL";"-96.86";"73.85";"7h 14m";""
"36";"GBPJPY_DukasM1_the5ers";"Buy";"2004.12.17 17:00:00";"202.029";"0.19";"2004.12.20 21:00:00";"202.737";"87.02";"10720.52";"IS";"Exit After X Bars";"-31.31";"167.36";"3d 4h 0m";""
"37";"GBPJPY_DukasM1_the5ers";"Buy";"2005.01.13 13:00:00";"193.604";"0.23";"2005.01.13 15:12:00";"192.946";"-100.11";"10620.40";"IS";"SL";"-98.96";"11.13";"2h 12m";""
"38";"GBPJPY_DukasM1_the5ers";"Buy";"2005.01.28 04:00:00";"194.888";"0.19";"2005.01.31 08:00:00";"195.198";"37.57";"10657.97";"IS";"Exit After X Bars";"-79.77";"76.41";"3d 4h 0m";""
"39";"GBPJPY_DukasM1_the5ers";"Buy";"2005.01.31 18:00:00";"195.067";"0.21";"2005.02.01 22:00:00";"195.093";"2.52";"10660.49";"IS";"Exit After X Bars";"-53.56";"89.40";"1d 4h 0m";""
"40";"GBPJPY_DukasM1_the5ers";"Buy";"2005.02.02 16:00:00";"195.347";"0.28";"2005.02.03 06:35:00";"196.314";"175.66";"10836.15";"IS";"PT";"-18.13";"177.06";"14h 35m";""
"41";"GBPJPY_DukasM1_the5ers";"Buy";"2005.02.04 10:00:00";"196.562";"0.28";"2005.02.04 11:56:00";"196.022";"-100.27";"10735.87";"IS";"SL";"-98.87";"0.00";"1h 56m";""
"42";"GBPJPY_DukasM1_the5ers";"Buy";"2005.02.24 09:00:00";"199.993";"0.25";"2005.02.24 17:40:00";"201.090";"178.09";"10913.96";"IS";"PT";"-82.07";"179.34";"8h 40m";""
"43";"GBPJPY_DukasM1_the5ers";"Buy";"2005.03.04 22:00:00";"201.326";"0.26";"2005.03.08 02:00:00";"201.177";"-26.63";"10887.33";"IS";"Exit After X Bars";"-82.97";"52.03";"3d 4h 0m";""
"44";"GBPJPY_DukasM1_the5ers";"Buy";"2005.03.25 01:00:00";"198.870";"0.23";"2005.03.28 05:00:00";"198.874";"-0.55";"10886.78";"IS";"Exit After X Bars";"-57.45";"50.54";"3d 4h 0m";""
"45";"GBPJPY_DukasM1_the5ers";"Buy";"2005.04.14 05:00:00";"203.454";"0.27";"2005.04.15 09:00:00";"203.529";"11.89";"10898.67";"IS";"Exit After X Bars";"-56.68";"54.03";"1d 4h 0m";""
"46";"GBPJPY_DukasM1_the5ers";"Buy";"2005.05.05 15:00:00";"198.808";"0.22";"2005.05.06 17:22:00";"198.137";"-97.63";"10801.04";"IS";"SL";"-96.53";"54.38";"1d 2h 22m";""
"47";"GBPJPY_DukasM1_the5ers";"Buy";"2005.05.20 13:00:00";"197.629";"0.28";"2005.05.23 11:58:00";"197.089";"-100.27";"10700.77";"IS";"SL";"-98.87";"59.69";"2d 22h 58m";""
"48";"GBPJPY_DukasM1_the5ers";"Buy";"2005.05.24 13:00:00";"196.617";"0.29";"2005.05.25 11:32:00";"196.101";"-99.30";"10601.46";"IS";"SL";"-97.85";"73.39";"22h 32m";""
"49";"GBPJPY_DukasM1_the5ers";"Buy";"2005.06.15 13:00:00";"197.834";"0.28";"2005.06.15 17:51:00";"198.781";"171.99";"10773.46";"IS";"PT";"-38.08";"173.39";"4h 51m";""
"50";"GBPJPY_DukasM1_the5ers";"Buy";"2005.06.20 13:00:00";"198.722";"0.26";"2005.06.20 18:37:00";"199.754";"174.16";"10947.62";"IS";"PT";"-23.97";"175.46";"5h 37m";""
"51";"GBPJPY_DukasM1_the5ers";"Buy";"2005.07.06 18:00:00";"196.499";"0.24";"2005.07.07 12:16:00";"195.860";"-101.49";"10846.13";"IS";"SL";"-100.29";"122.10";"18h 16m";""
"52";"GBPJPY_DukasM1_the5ers";"Buy";"2005.07.26 14:00:00";"194.946";"0.22";"2005.07.27 18:00:00";"195.728";"111.40";"10957.54";"IS";"Exit After X Bars";"-12.52";"159.26";"1d 4h 0m";""
"53";"GBPJPY_DukasM1_the5ers";"Buy";"2005.07.27 22:00:00";"196.048";"0.23";"2005.07.28 18:22:00";"197.233";"177.08";"11134.61";"IS";"PT";"-83.32";"178.23";"20h 22m";""
"54";"GBPJPY_DukasM1_the5ers";"Buy";"2005.07.29 14:00:00";"197.191";"0.24";"2005.08.01 17:02:00";"198.288";"170.97";"11305.58";"IS";"PT";"-44.89";"172.17";"3d 3h 2m";""
"55";"GBPJPY_DukasM1_the5ers";"Buy";"2005.08.03 09:00:00";"197.602";"0.27";"2005.08.04 10:02:00";"197.034";"-101.64";"11203.94";"IS";"SL";"-100.29";"158.55";"1d 1h 2m";""
"56";"GBPJPY_DukasM1_the5ers";"Buy";"2005.08.09 22:00:00";"199.861";"0.25";"2005.08.10 04:27:00";"199.261";"-99.34";"11104.60";"IS";"SL";"-98.09";"49.37";"6h 27m";""
"57";"GBPJPY_DukasM1_the5ers";"Buy";"2005.08.12 20:00:00";"198.846";"0.26";"2005.08.15 12:27:00";"198.268";"-99.57";"11005.03";"IS";"SL";"-98.27";"22.78";"2d 16h 27m";""
"58";"GBPJPY_DukasM1_the5ers";"Buy";"2005.09.06 10:00:00";"201.399";"0.25";"2005.09.07 14:00:00";"202.132";"118.58";"11123.61";"IS";"Exit After X Bars";"-47.25";"163.15";"1d 4h 0m";""
"59";"GBPJPY_DukasM1_the5ers";"Buy";"2005.09.20 14:00:00";"201.150";"0.25";"2005.09.21 18:00:00";"201.390";"37.99";"11161.60";"IS";"Exit After X Bars";"-44.79";"103.97";"1d 4h 0m";""
"60";"GBPJPY_DukasM1_the5ers";"Buy";"2005.09.30 08:00:00";"199.187";"0.29";"2005.09.30 13:48:00";"200.131";"177.57";"11339.17";"IS";"PT";"-57.08";"179.02";"5h 48m";""
"61";"GBPJPY_DukasM1_the5ers";"Buy";"2005.10.13 12:00:00";"200.592";"0.29";"2005.10.14 16:00:00";"201.071";"89.39";"11428.55";"IS";"Exit After X Bars";"-15.74";"155.31";"1d 4h 0m";""
"62";"GBPJPY_DukasM1_the5ers";"Buy";"2005.11.03 18:00:00";"207.960";"0.29";"2005.11.03 22:05:00";"207.438";"-100.44";"11328.11";"IS";"SL";"-98.99";"7.78";"4h 5m";""
"63";"GBPJPY_DukasM1_the5ers";"Buy";"2005.11.15 14:00:00";"206.588";"0.28";"2005.11.15 18:45:00";"206.053";"-99.36";"11228.75";"IS";"SL";"-97.96";"35.34";"4h 45m";""
"64";"GBPJPY_DukasM1_the5ers";"Buy";"2005.11.29 22:00:00";"205.647";"0.26";"2005.11.30 17:23:00";"206.674";"173.31";"11402.06";"IS";"PT";"-83.31";"174.61";"19h 23m";""
"65";"GBPJPY_DukasM1_the5ers";"Buy";"2006.01.24 18:00:00";"204.570";"0.25";"2006.01.25 12:02:00";"205.652";"175.64";"11577.70";"IS";"PT";"-25.50";"176.89";"18h 2m";""
"66";"GBPJPY_DukasM1_the5ers";"Buy";"2006.02.03 14:00:00";"210.597";"0.3";"2006.02.03 17:01:00";"210.095";"-99.98";"11477.72";"IS";"SL";"-98.48";"8.83";"3h 1m";""
"67";"GBPJPY_DukasM1_the5ers";"Buy";"2006.02.17 03:00:00";"204.888";"0.23";"2006.02.17 13:31:00";"206.033";"171.06";"11648.78";"IS";"PT";"-56.25";"172.21";"10h 31m";""
"68";"GBPJPY_DukasM1_the5ers";"Buy";"2006.02.20 18:00:00";"206.334";"0.26";"2006.02.21 13:40:00";"207.365";"173.99";"11822.77";"IS";"PT";"-57.13";"175.29";"19h 40m";""
"69";"GBPJPY_DukasM1_the5ers";"Buy";"2006.04.06 10:00:00";"206.028";"0.27";"2006.04.07 14:00:00";"206.102";"11.72";"11834.49";"IS";"Exit After X Bars";"-67.45";"143.37";"1d 4h 0m";""
"70";"GBPJPY_DukasM1_the5ers";"Buy";"2006.04.11 13:00:00";"206.757";"0.26";"2006.04.12 03:54:00";"206.182";"-99.06";"11735.43";"IS";"SL";"-97.76";"94.02";"14h 54m";""
"71";"GBPJPY_DukasM1_the5ers";"Buy";"2006.04.14 17:00:00";"207.843";"0.38";"2006.04.17 16:20:00";"208.556";"175.27";"11910.70";"IS";"PT";"-75.79";"177.17";"2d 23h 20m";""
"72";"GBPJPY_DukasM1_the5ers";"Buy";"2006.05.04 14:00:00";"209.840";"0.22";"2006.05.05 17:27:00";"209.143";"-101.37";"11809.33";"IS";"SL";"-100.27";"162.57";"1d 3h 27m";""
"73";"GBPJPY_DukasM1_the5ers";"Buy";"2006.05.30 02:00:00";"209.286";"0.29";"2006.05.30 12:50:00";"210.213";"174.34";"11983.67";"IS";"PT";"-60.49";"175.79";"10h 50m";""
"74";"GBPJPY_DukasM1_the5ers";"Buy";"2006.06.07 13:00:00";"210.640";"0.28";"2006.06.08 17:00:00";"210.348";"-54.86";"11928.81";"IS";"Exit After X Bars";"-92.46";"75.07";"1d 4h 0m";""
"75";"GBPJPY_DukasM1_the5ers";"Buy";"2006.08.08 09:00:00";"219.516";"0.28";"2006.08.08 16:07:00";"218.971";"-101.19";"11827.62";"IS";"SL";"-99.79";"18.49";"7h 7m";""
"76";"GBPJPY_DukasM1_the5ers";"Buy";"2006.09.25 13:00:00";"221.827";"0.25";"2006.09.25 17:58:00";"221.234";"-98.19";"11729.42";"IS";"SL";"-96.94";"36.78";"4h 58m";""
"77";"GBPJPY_DukasM1_the5ers";"Buy";"2006.10.03 12:00:00";"222.313";"0.24";"2006.10.04 16:00:00";"222.166";"-24.27";"11705.15";"IS";"Exit After X Bars";"-76.43";"89.93";"1d 4h 0m";""
"78";"GBPJPY_DukasM1_the5ers";"Buy";"2006.10.11 12:00:00";"221.899";"0.3";"2006.10.12 16:00:00";"221.701";"-40.34";"11664.81";"IS";"Exit After X Bars";"-76.71";"87.10";"1d 4h 0m";""
"79";"GBPJPY_DukasM1_the5ers";"Buy";"2006.10.25 11:00:00";"223.453";"0.34";"2006.10.26 15:00:00";"223.975";"114.36";"11779.17";"IS";"Exit After X Bars";"-35.80";"135.85";"1d 4h 0m";""
"80";"GBPJPY_DukasM1_the5ers";"Buy";"2006.11.03 12:00:00";"223.527";"0.33";"2006.11.03 16:37:00";"224.340";"173.79";"11952.96";"IS";"PT";"-39.06";"175.44";"4h 37m";""
"81";"GBPJPY_DukasM1_the5ers";"Buy";"2006.11.08 17:00:00";"224.236";"0.34";"2006.11.09 13:02:00";"225.036";"176.17";"12129.13";"IS";"PT";"-28.01";"177.87";"20h 2m";""
"82";"GBPJPY_DukasM1_the5ers";"Buy";"2006.11.28 09:00:00";"225.016";"0.31";"2006.11.28 10:34:00";"225.897";"177.04";"12306.17";"IS";"PT";"-11.55";"178.59";"1h 34m";""
"83";"GBPJPY_DukasM1_the5ers";"Buy";"2006.12.27 03:00:00";"232.713";"0.22";"2006.12.27 16:09:00";"232.031";"-99.21";"12206.96";"IS";"SL";"-98.11";"15.11";"13h 9m";""
"84";"GBPJPY_DukasM1_the5ers";"Buy";"2007.01.02 00:00:00";"233.137";"0.46";"2007.01.02 10:26:00";"233.727";"175.17";"12382.13";"IS";"PT";"-69.19";"177.47";"10h 26m";""
"85";"GBPJPY_DukasM1_the5ers";"Buy";"2007.01.30 05:00:00";"238.803";"0.24";"2007.01.30 09:46:00";"239.903";"171.44";"12553.57";"IS";"PT";"-4.87";"172.64";"4h 46m";""
"86";"GBPJPY_DukasM1_the5ers";"Buy";"2007.02.22 10:00:00";"236.079";"0.23";"2007.02.22 18:18:00";"237.241";"173.62";"12727.18";"IS";"PT";"-59.11";"174.77";"8h 18m";""
"87";"GBPJPY_DukasM1_the5ers";"Buy";"2007.02.23 15:00:00";"237.915";"0.25";"2007.02.26 02:08:00";"237.324";"-97.87";"12629.32";"IS";"SL";"-96.62";"36.13";"2d 11h 8m";""
"88";"GBPJPY_DukasM1_the5ers";"Buy";"2007.03.21 09:00:00";"230.329";"0.2";"2007.03.22 11:31:00";"231.694";"177.52";"12806.84";"IS";"PT";"-36.36";"178.52";"1d 2h 31m";""
"89";"GBPJPY_DukasM1_the5ers";"Buy";"2007.03.22 12:00:00";"231.683";"0.18";"2007.03.23 11:13:00";"230.853";"-98.60";"12708.24";"IS";"SL";"-97.70";"74.39";"23h 13m";""
"90";"GBPJPY_DukasM1_the5ers";"Buy";"2007.03.26 08:00:00";"231.424";"0.19";"2007.03.27 01:36:00";"232.838";"174.73";"12882.97";"IS";"PT";"-18.39";"175.68";"17h 36m";""
"91";"GBPJPY_DukasM1_the5ers";"Buy";"2007.04.05 01:00:00";"234.409";"0.23";"2007.04.05 14:00:00";"233.769";"-97.41";"12785.57";"IS";"SL";"-96.26";"58.81";"13h 0m";""
"92";"GBPJPY_DukasM1_the5ers";"Buy";"2007.04.06 16:00:00";"234.344";"0.25";"2007.04.09 20:00:00";"233.908";"-72.53";"12713.04";"IS";"Exit After X Bars";"-97.11";"41.85";"3d 4h 0m";""
"93";"GBPJPY_DukasM1_the5ers";"Buy";"2007.04.26 08:00:00";"237.804";"0.28";"2007.04.27 12:00:00";"238.248";"79.90";"12792.94";"IS";"Exit After X Bars";"-88.62";"172.30";"1d 4h 0m";""
"94";"GBPJPY_DukasM1_the5ers";"Buy";"2007.05.02 04:00:00";"239.514";"0.25";"2007.05.02 08:55:00";"238.923";"-97.87";"12695.07";"IS";"SL";"-96.62";"13.24";"4h 55m";""
"95";"GBPJPY_DukasM1_the5ers";"Buy";"2007.05.03 21:00:00";"239.214";"0.28";"2007.05.07 01:00:00";"239.498";"50.60";"12745.67";"IS";"Exit After X Bars";"-83.13";"69.39";"3d 4h 0m";""
"96";"GBPJPY_DukasM1_the5ers";"Buy";"2007.05.18 11:00:00";"239.754";"0.33";"2007.05.18 11:30:00";"239.298";"-100.05";"12645.62";"IS";"SL";"-98.40";"29.35";"30m 0s";""
"97";"GBPJPY_DukasM1_the5ers";"Buy";"2007.05.22 12:00:00";"239.604";"0.31";"2007.05.23 11:31:00";"240.476";"175.22";"12820.83";"IS";"PT";"-43.38";"176.77";"23h 31m";""
"98";"GBPJPY_DukasM1_the5ers";"Buy";"2007.06.14 20:00:00";"242.294";"0.27";"2007.06.15 13:19:00";"243.306";"177.33";"12998.16";"IS";"PT";"-53.67";"178.68";"17h 19m";""
"99";"GBPJPY_DukasM1_the5ers";"Buy";"2007.06.19 20:00:00";"245.404";"0.3";"2007.06.20 10:15:00";"244.898";"-100.77";"12897.40";"IS";"SL";"-99.27";"12.95";"14h 15m";""
"100";"GBPJPY_DukasM1_the5ers";"Buy";"2007.07.10 09:00:00";"248.534";"0.32";"2007.07.10 15:09:00";"248.059";"-101.00";"12796.40";"IS";"SL";"-99.40";"47.29";"6h 9m";""
"101";"GBPJPY_DukasM1_the5ers";"Buy";"2007.09.04 09:00:00";"233.914";"0.18";"2007.09.04 10:24:00";"233.090";"-97.89";"12698.51";"IS";"SL";"-96.99";"5.41";"1h 24m";""
"102";"GBPJPY_DukasM1_the5ers";"Buy";"2007.09.13 11:00:00";"232.014";"0.19";"2007.09.13 16:55:00";"233.426";"174.48";"12873.00";"IS";"PT";"-27.83";"175.43";"5h 55m";""
"103";"GBPJPY_DukasM1_the5ers";"Buy";"2007.10.05 08:00:00";"237.644";"0.21";"2007.10.05 09:14:00";"236.942";"-97.45";"12775.54";"IS";"SL";"-96.40";"0.00";"1h 14m";""
"104";"GBPJPY_DukasM1_the5ers";"Buy";"2007.10.30 10:00:00";"236.129";"0.17";"2007.10.30 19:05:00";"237.668";"170.24";"12945.78";"IS";"PT";"-3.22";"171.09";"9h 5m";""
"105";"GBPJPY_DukasM1_the5ers";"Buy";"2007.10.31 10:00:00";"237.819";"0.2";"2007.10.31 16:34:00";"239.179";"176.87";"13122.65";"IS";"PT";"-1.83";"177.87";"6h 34m";""
"106";"GBPJPY_DukasM1_the5ers";"Buy";"2007.12.07 12:00:00";"225.959";"0.15";"2007.12.10 10:54:00";"227.705";"170.51";"13293.16";"IS";"PT";"-1.86";"171.26";"2d 22h 54m";""
"107";"GBPJPY_DukasM1_the5ers";"Buy";"2007.12.24 14:00:00";"226.114";"0.21";"2007.12.25 02:54:00";"225.385";"-101.16";"13192.00";"IS";"SL";"-100.11";"26.23";"12h 54m";""
"108";"GBPJPY_DukasM1_the5ers";"Buy";"2008.01.30 12:00:00";"213.019";"0.13";"2008.01.30 22:55:00";"211.917";"-94.33";"13097.67";"IS";"SL";"-93.68";"57.89";"10h 55m";""
"109";"GBPJPY_DukasM1_the5ers";"Buy";"2008.02.05 09:00:00";"210.929";"0.19";"2008.02.05 16:01:00";"210.124";"-100.97";"12996.70";"IS";"SL";"-100.02";"146.11";"7h 1m";""
"110";"GBPJPY_DukasM1_the5ers";"Buy";"2008.04.08 03:00:00";"203.794";"0.16";"2008.04.08 09:54:00";"202.868";"-97.69";"12899.02";"IS";"SL";"-96.89";"32.02";"6h 54m";""
"111";"GBPJPY_DukasM1_the5ers";"Buy";"2008.05.20 05:00:00";"203.304";"0.19";"2008.05.20 15:02:00";"204.678";"169.76";"13068.78";"IS";"PT";"-73.80";"170.71";"10h 2m";""
"112";"GBPJPY_DukasM1_the5ers";"Buy";"2008.05.26 15:00:00";"204.574";"0.24";"2008.05.27 15:58:00";"205.693";"174.42";"13243.20";"IS";"PT";"-10.04";"175.62";"1d 0h 58m";""
"113";"GBPJPY_DukasM1_the5ers";"Buy";"2008.06.12 17:00:00";"210.234";"0.19";"2008.06.13 21:00:00";"210.538";"36.82";"13280.02";"IS";"Exit After X Bars";"-72.56";"70.94";"1d 4h 0m";""
"114";"GBPJPY_DukasM1_the5ers";"Buy";"2008.06.25 13:00:00";"212.914";"0.25";"2008.06.26 17:00:00";"213.543";"101.58";"13381.60";"IS";"Exit After X Bars";"-46.43";"162.83";"1d 4h 0m";""
"115";"GBPJPY_DukasM1_the5ers";"Buy";"2008.07.07 05:00:00";"211.724";"0.25";"2008.07.07 20:00:00";"211.124";"-99.34";"13282.26";"IS";"SL";"-98.09";"115.42";"15h 0m";""
"116";"GBPJPY_DukasM1_the5ers";"Buy";"2008.07.11 00:00:00";"211.779";"0.23";"2008.07.11 14:55:00";"211.119";"-100.42";"13181.84";"IS";"SL";"-99.27";"49.78";"14h 55m";""
"117";"GBPJPY_DukasM1_the5ers";"Buy";"2008.09.23 19:00:00";"196.164";"0.11";"2008.09.24 23:00:00";"195.908";"-18.96";"13162.88";"IS";"Exit After X Bars";"-65.75";"91.78";"1d 4h 0m";""
"118";"GBPJPY_DukasM1_the5ers";"Buy";"2008.09.25 11:00:00";"196.694";"0.14";"2008.09.25 19:44:00";"195.644";"-96.83";"13066.05";"IS";"SL";"-96.13";"45.41";"8h 44m";""
"119";"GBPJPY_DukasM1_the5ers";"Buy";"2008.11.18 11:00:00";"144.984";"0.08";"2008.11.19 15:00:00";"145.638";"33.81";"13099.87";"IS";"Exit After X Bars";"-74.76";"80.35";"1d 4h 0m";""
"120";"GBPJPY_DukasM1_the5ers";"Buy";"2008.11.27 12:00:00";"147.379";"0.08";"2008.11.28 14:31:00";"145.638";"-91.48";"13008.39";"IS";"SL";"-91.08";"27.26";"1d 2h 31m";""
"121";"GBPJPY_DukasM1_the5ers";"Buy";"2008.11.28 18:00:00";"146.049";"0.12";"2008.12.01 10:13:00";"144.773";"-100.73";"12907.66";"IS";"SL";"-100.13";"118.57";"2d 16h 13m";""
"122";"GBPJPY_DukasM1_the5ers";"Buy";"2008.12.23 11:00:00";"133.814";"0.14";"2008.12.24 12:50:00";"132.730";"-99.94";"12807.72";"IS";"SL";"-99.24";"52.27";"1d 1h 50m";""
"123";"GBPJPY_DukasM1_the5ers";"Buy";"2008.12.25 16:00:00";"132.756";"0.17";"2008.12.26 20:00:00";"133.083";"35.50";"12843.22";"IS";"Exit After X Bars";"-77.93";"119.95";"1d 4h 0m";""
"124";"GBPJPY_DukasM1_the5ers";"Buy";"2009.01.15 15:00:00";"130.419";"0.11";"2009.01.16 03:40:00";"132.768";"168.42";"13011.64";"IS";"PT";"-93.44";"168.97";"12h 40m";""
"125";"GBPJPY_DukasM1_the5ers";"Buy";"2009.02.03 15:00:00";"127.529";"0.1";"2009.02.04 17:11:00";"130.105";"167.95";"13179.59";"IS";"PT";"-43.42";"168.45";"1d 2h 11m";""
"126";"GBPJPY_DukasM1_the5ers";"Buy";"2009.02.05 12:00:00";"129.979";"0.12";"2009.02.05 18:04:00";"132.237";"176.59";"13356.18";"IS";"PT";"-19.54";"177.19";"6h 4m";""
"127";"GBPJPY_DukasM1_the5ers";"Buy";"2009.02.17 13:00:00";"130.634";"0.13";"2009.02.18 16:06:00";"132.721";"176.77";"13532.94";"IS";"PT";"-22.02";"177.42";"1d 3h 6m";""
"128";"GBPJPY_DukasM1_the5ers";"Buy";"2009.03.05 09:00:00";"140.629";"0.15";"2009.03.05 13:56:00";"139.620";"-99.72";"13433.22";"IS";"SL";"-98.97";"85.44";"4h 56m";""
"129";"GBPJPY_DukasM1_the5ers";"Buy";"2009.03.10 11:00:00";"136.459";"0.12";"2009.03.10 20:15:00";"135.225";"-97.43";"13335.79";"IS";"SL";"-96.83";"20.09";"9h 15m";""
"130";"GBPJPY_DukasM1_the5ers";"Buy";"2009.03.18 01:00:00";"138.764";"0.16";"2009.03.18 09:47:00";"137.832";"-98.31";"13237.47";"IS";"SL";"-97.51";"27.83";"8h 47m";""
"131";"GBPJPY_DukasM1_the5ers";"Buy";"2009.04.09 16:00:00";"147.774";"0.12";"2009.04.09 18:26:00";"146.534";"-97.90";"13139.57";"IS";"SL";"-97.30";"3.61";"2h 26m";""
"132";"GBPJPY_DukasM1_the5ers";"Buy";"2009.04.10 03:00:00";"147.244";"0.14";"2009.04.13 07:00:00";"146.988";"-24.14";"13115.43";"IS";"Exit After X Bars";"-76.81";"18.40";"3d 4h 0m";""
"133";"GBPJPY_DukasM1_the5ers";"Buy";"2009.05.01 10:00:00";"146.709";"0.12";"2009.05.04 05:59:00";"148.879";"169.68";"13285.12";"IS";"PT";"-10.52";"170.28";"2d 19h 59m";""
"134";"GBPJPY_DukasM1_the5ers";"Buy";"2009.05.05 10:00:00";"148.629";"0.15";"2009.05.06 04:36:00";"147.643";"-97.47";"13187.65";"IS";"SL";"-96.72";"120.75";"18h 36m";""
"135";"GBPJPY_DukasM1_the5ers";"Buy";"2009.05.08 22:00:00";"149.714";"0.15";"2009.05.11 11:12:00";"148.712";"-99.03";"13088.62";"IS";"SL";"-98.28";"73.17";"2d 13h 12m";""
"136";"GBPJPY_DukasM1_the5ers";"Buy";"2009.05.12 11:00:00";"148.434";"0.13";"2009.05.12 17:05:00";"147.307";"-96.46";"12992.16";"IS";"SL";"-95.81";"89.35";"6h 5m";""
"137";"GBPJPY_DukasM1_the5ers";"Buy";"2009.05.14 17:00:00";"144.784";"0.11";"2009.05.15 21:00:00";"144.343";"-32.27";"12959.89";"IS";"Exit After X Bars";"-89.48";"118.04";"1d 4h 0m";""
"138";"GBPJPY_DukasM1_the5ers";"Buy";"2009.05.22 15:00:00";"149.594";"0.12";"2009.05.25 19:00:00";"150.863";"98.98";"13058.87";"IS";"Exit After X Bars";"-19.93";"150.35";"3d 4h 0m";""
"139";"GBPJPY_DukasM1_the5ers";"Buy";"2009.05.26 04:00:00";"150.649";"0.17";"2009.05.26 09:53:00";"149.772";"-98.34";"12960.52";"IS";"SL";"-97.49";"55.69";"5h 53m";""
"140";"GBPJPY_DukasM1_the5ers";"Buy";"2009.05.28 04:00:00";"153.049";"0.15";"2009.05.28 13:38:00";"154.813";"172.28";"13132.80";"IS";"PT";"-45.51";"173.03";"9h 38m";""
"141";"GBPJPY_DukasM1_the5ers";"Buy";"2009.06.10 07:00:00";"159.414";"0.16";"2009.06.10 14:24:00";"161.117";"177.38";"13310.18";"IS";"PT";"-38.61";"178.18";"7h 24m";""
"142";"GBPJPY_DukasM1_the5ers";"Buy";"2009.06.11 12:00:00";"161.154";"0.15";"2009.06.12 16:00:00";"160.783";"-37.14";"13273.04";"IS";"Exit After X Bars";"-66.11";"140.36";"1d 4h 0m";""
"143";"GBPJPY_DukasM1_the5ers";"Buy";"2009.06.29 11:00:00";"157.814";"0.17";"2009.06.30 02:15:00";"159.413";"176.91";"13449.95";"IS";"PT";"-68.81";"177.76";"15h 15m";""
"144";"GBPJPY_DukasM1_the5ers";"Buy";"2009.07.27 07:00:00";"156.079";"0.18";"2009.07.28 11:00:00";"157.358";"149.65";"13599.59";"IS";"Exit After X Bars";"-28.72";"164.91";"1d 4h 0m";""
"145";"GBPJPY_DukasM1_the5ers";"Buy";"2009.07.30 09:00:00";"156.239";"0.14";"2009.07.31 10:37:00";"158.079";"167.75";"13767.34";"IS";"PT";"-18.68";"168.45";"1d 1h 37m";""
"146";"GBPJPY_DukasM1_the5ers";"Buy";"2009.09.01 07:00:00";"151.799";"0.17";"2009.09.01 15:52:00";"150.920";"-98.57";"13668.78";"IS";"SL";"-97.72";"107.39";"8h 52m";""
"147";"GBPJPY_DukasM1_the5ers";"Buy";"2009.09.03 07:00:00";"150.229";"0.16";"2009.09.04 11:00:00";"151.793";"162.84";"13831.62";"IS";"Exit After X Bars";"-30.24";"165.94";"1d 4h 0m";""
"148";"GBPJPY_DukasM1_the5ers";"Buy";"2009.09.10 15:00:00";"152.989";"0.22";"2009.09.10 16:10:00";"152.306";"-99.36";"13732.26";"IS";"SL";"-98.26";"18.85";"1h 10m";""
"149";"GBPJPY_DukasM1_the5ers";"Buy";"2009.10.27 12:00:00";"150.739";"0.2";"2009.10.27 19:07:00";"149.981";"-100.13";"13632.12";"IS";"SL";"-99.13";"55.06";"7h 7m";""
"150";"GBPJPY_DukasM1_the5ers";"Buy";"2009.11.16 16:00:00";"149.584";"0.21";"2009.11.17 20:00:00";"149.903";"42.76";"13674.88";"IS";"Exit After X Bars";"-31.45";"107.94";"1d 4h 0m";""
"151";"GBPJPY_DukasM1_the5ers";"Buy";"2009.11.18 10:00:00";"149.784";"0.25";"2009.11.19 03:15:00";"149.171";"-101.46";"13573.42";"IS";"SL";"-100.21";"43.49";"17h 15m";""
"152";"GBPJPY_DukasM1_the5ers";"Buy";"2009.12.21 11:00:00";"146.014";"0.19";"2009.12.22 15:00:00";"146.593";"70.99";"13644.40";"IS";"Exit After X Bars";"-68.21";"128.10";"1d 4h 0m";""
"153";"GBPJPY_DukasM1_the5ers";"Buy";"2009.12.23 12:00:00";"146.374";"0.29";"2009.12.23 17:05:00";"145.862";"-98.54";"13545.86";"IS";"SL";"-97.09";"66.56";"5h 5m";""
"154";"GBPJPY_DukasM1_the5ers";"Buy";"2009.12.24 01:00:00";"146.169";"0.29";"2009.12.25 05:00:00";"146.243";"12.58";"13558.44";"IS";"Exit After X Bars";"-96.53";"50.44";"1d 4h 0m";""
"155";"GBPJPY_DukasM1_the5ers";"Buy";"2009.12.30 16:00:00";"146.859";"0.29";"2009.12.30 17:32:00";"147.803";"177.57";"13736.01";"IS";"PT";"-19.72";"179.02";"1h 32m";""
"156";"GBPJPY_DukasM1_the5ers";"Buy";"2010.01.01 23:00:00";"150.381";"0.43";"2010.01.04 00:05:00";"150.031";"-100.57";"13635.45";"IS";"SL";"-209.20";"1.41";"2d 1h 5m";""
"157";"GBPJPY_DukasM1_the5ers";"Buy";"2010.02.03 16:00:00";"144.699";"0.22";"2010.02.04 10:54:00";"144.032";"-97.06";"13538.39";"IS";"SL";"-95.96";"83.58";"18h 54m";""
"158";"GBPJPY_DukasM1_the5ers";"Buy";"2010.02.16 18:00:00";"141.479";"0.25";"2010.02.16 19:26:00";"142.564";"176.13";"13714.52";"IS";"PT";"-5.56";"177.38";"1h 26m";""
"159";"GBPJPY_DukasM1_the5ers";"Buy";"2010.03.24 11:00:00";"136.284";"0.25";"2010.03.24 19:01:00";"137.361";"174.82";"13889.33";"IS";"PT";"-10.46";"176.07";"8h 1m";""
"160";"GBPJPY_DukasM1_the5ers";"Buy";"2010.03.30 09:00:00";"138.979";"0.25";"2010.03.30 16:27:00";"140.055";"174.66";"14063.99";"IS";"PT";"-10.46";"175.91";"7h 27m";""
"161";"GBPJPY_DukasM1_the5ers";"Buy";"2010.04.21 09:00:00";"143.594";"0.21";"2010.04.22 04:33:00";"142.880";"-99.10";"13964.89";"IS";"SL";"-98.05";"78.41";"19h 33m";""
"162";"GBPJPY_DukasM1_the5ers";"Buy";"2010.06.01 00:00:00";"132.634";"0.17";"2010.06.01 03:41:00";"131.755";"-98.57";"13866.33";"IS";"SL";"-97.72";"2.89";"3h 41m";""
"163";"GBPJPY_DukasM1_the5ers";"Buy";"2010.06.16 13:00:00";"135.744";"0.19";"2010.06.16 14:50:00";"134.952";"-99.35";"13766.97";"IS";"SL";"-98.40";"20.00";"1h 50m";""
"164";"GBPJPY_DukasM1_the5ers";"Buy";"2010.06.25 19:00:00";"133.894";"0.19";"2010.06.28 23:00:00";"135.048";"142.43";"13909.40";"IS";"Exit After X Bars";"-5.47";"167.86";"3d 4h 0m";""
"165";"GBPJPY_DukasM1_the5ers";"Buy";"2010.06.30 14:00:00";"133.304";"0.2";"2010.06.30 16:04:00";"132.552";"-99.35";"13810.05";"IS";"SL";"-98.35";"11.25";"2h 4m";""
"166";"GBPJPY_DukasM1_the5ers";"Buy";"2010.07.23 10:00:00";"133.289";"0.19";"2010.07.23 14:01:00";"134.685";"172.50";"13982.55";"IS";"PT";"-66.97";"173.45";"4h 1m";""
"167";"GBPJPY_DukasM1_the5ers";"Buy";"2010.07.27 05:00:00";"134.694";"0.21";"2010.07.27 15:22:00";"135.951";"171.57";"14154.12";"IS";"PT";"-14.28";"172.62";"10h 22m";""
"168";"GBPJPY_DukasM1_the5ers";"Buy";"2010.08.03 10:00:00";"137.509";"0.24";"2010.08.03 11:36:00";"136.881";"-99.76";"14054.36";"IS";"SL";"-98.56";"0.00";"1h 36m";""
"169";"GBPJPY_DukasM1_the5ers";"Buy";"2010.08.17 09:00:00";"133.804";"0.23";"2010.08.17 15:30:00";"133.157";"-98.46";"13955.89";"IS";"SL";"-97.31";"19.70";"6h 30m";""
"170";"GBPJPY_DukasM1_the5ers";"Buy";"2010.09.22 05:00:00";"132.914";"0.29";"2010.09.22 10:40:00";"132.393";"-100.25";"13855.64";"IS";"SL";"-98.80";"92.16";"5h 40m";""
"171";"GBPJPY_DukasM1_the5ers";"Buy";"2010.09.27 13:00:00";"133.469";"0.26";"2010.09.28 09:08:00";"132.892";"-99.40";"13756.24";"IS";"SL";"-98.10";"35.02";"20h 8m";""
"172";"GBPJPY_DukasM1_the5ers";"Buy";"2010.10.15 10:00:00";"130.419";"0.33";"2010.10.18 02:24:00";"129.967";"-99.19";"13657.05";"IS";"SL";"-120.63";"66.03";"2d 16h 24m";""
"173";"GBPJPY_DukasM1_the5ers";"Buy";"2010.11.03 11:00:00";"129.610";"0.36";"2010.11.03 12:01:00";"130.352";"172.88";"13829.93";"IS";"PT";"-26.60";"174.68";"1h 1m";""
"174";"GBPJPY_DukasM1_the5ers";"Buy";"2010.11.18 12:00:00";"132.751";"0.33";"2010.11.18 17:02:00";"133.577";"176.60";"14006.53";"IS";"PT";"-28.05";"178.25";"5h 2m";""
"175";"GBPJPY_DukasM1_the5ers";"Buy";"2010.11.29 15:00:00";"131.221";"0.29";"2010.11.30 06:04:00";"130.701";"-100.06";"13906.46";"IS";"SL";"-98.61";"10.81";"15h 4m";""
"176";"GBPJPY_DukasM1_the5ers";"Buy";"2010.12.16 14:00:00";"131.260";"0.3";"2010.12.17 11:52:00";"130.756";"-100.37";"13806.09";"IS";"SL";"-98.87";"72.19";"21h 52m";""
"177";"GBPJPY_DukasM1_the5ers";"Buy";"2010.12.27 10:00:00";"127.687";"0.41";"2010.12.28 09:48:00";"127.319";"-100.71";"13705.38";"IS";"SL";"-98.66";"93.03";"23h 48m";""
"178";"GBPJPY_DukasM1_the5ers";"Buy";"2011.01.07 11:00:00";"128.934";"0.33";"2011.01.10 15:00:00";"128.914";"-5.97";"13699.41";"IS";"Exit After X Bars";"-64.74";"106.60";"3d 4h 0m";""
"179";"GBPJPY_DukasM1_the5ers";"Buy";"2011.01.13 14:00:00";"130.983";"0.31";"2011.01.14 10:17:00";"130.498";"-99.87";"13599.54";"IS";"SL";"-98.32";"88.18";"20h 17m";""
"180";"GBPJPY_DukasM1_the5ers";"Buy";"2011.02.17 12:00:00";"134.744";"0.34";"2011.02.18 16:00:00";"135.392";"142.37";"13741.92";"IS";"Exit After X Bars";"-79.37";"158.30";"1d 4h 0m";""
"181";"GBPJPY_DukasM1_the5ers";"Buy";"2011.02.22 01:00:00";"134.890";"0.36";"2011.02.22 02:36:00";"134.469";"-100.91";"13641.01";"IS";"SL";"-99.11";"0.00";"1h 36m";""
"182";"GBPJPY_DukasM1_the5ers";"Buy";"2011.03.04 13:00:00";"134.440";"0.35";"2011.03.04 15:30:00";"135.203";"172.88";"13813.89";"IS";"PT";"-10.07";"174.63";"2h 30m";""
"183";"GBPJPY_DukasM1_the5ers";"Buy";"2011.04.21 00:00:00";"135.405";"0.22";"2011.04.21 08:44:00";"134.733";"-97.78";"13716.11";"IS";"SL";"-96.68";"11.51";"8h 44m";""
"184";"GBPJPY_DukasM1_the5ers";"Buy";"2011.04.25 03:00:00";"135.750";"0.29";"2011.04.25 16:41:00";"135.233";"-99.49";"13616.62";"IS";"SL";"-98.04";"35.84";"13h 41m";""
"185";"GBPJPY_DukasM1_the5ers";"Buy";"2011.05.17 04:00:00";"131.162";"0.26";"2011.05.17 10:04:00";"132.197";"174.67";"13791.29";"IS";"PT";"-29.58";"175.97";"6h 4m";""
"186";"GBPJPY_DukasM1_the5ers";"Buy";"2011.05.20 16:00:00";"132.851";"0.28";"2011.05.20 16:52:00";"132.321";"-98.44";"13692.85";"IS";"SL";"-97.04";"20.32";"52m 0s";""
"187";"GBPJPY_DukasM1_the5ers";"Buy";"2011.05.26 11:00:00";"133.450";"0.3";"2011.05.26 15:48:00";"132.939";"-101.75";"13591.10";"IS";"SL";"-100.25";"29.03";"4h 48m";""
"188";"GBPJPY_DukasM1_the5ers";"Buy";"2011.05.27 16:00:00";"133.329";"0.26";"2011.05.30 20:00:00";"133.264";"-12.35";"13578.75";"IS";"Exit After X Bars";"-69.71";"31.28";"3d 4h 0m";""
"189";"GBPJPY_DukasM1_the5ers";"Buy";"2011.05.30 20:00:00";"133.280";"0.37";"2011.05.31 05:36:00";"134.013";"175.50";"13754.25";"IS";"PT";"-26.13";"177.35";"9h 36m";""
"190";"GBPJPY_DukasM1_the5ers";"Buy";"2011.06.20 12:00:00";"129.591";"0.27";"2011.06.21 16:00:00";"129.886";"50.74";"13804.98";"IS";"Exit After X Bars";"-2.47";"136.30";"1d 4h 0m";""
"191";"GBPJPY_DukasM1_the5ers";"Buy";"2011.06.21 18:00:00";"129.986";"0.33";"2011.06.22 11:38:00";"129.528";"-100.48";"13704.50";"IS";"SL";"-98.83";"118.47";"17h 38m";""
"192";"GBPJPY_DukasM1_the5ers";"Buy";"2011.07.05 05:00:00";"129.994";"0.39";"2011.07.05 12:15:00";"130.693";"176.32";"13880.82";"IS";"PT";"-64.01";"178.27";"7h 15m";""
"193";"GBPJPY_DukasM1_the5ers";"Buy";"2011.07.21 09:00:00";"127.439";"0.34";"2011.07.22 01:46:00";"128.239";"176.17";"14056.98";"IS";"PT";"-71.37";"177.87";"16h 46m";""
"194";"GBPJPY_DukasM1_the5ers";"Buy";"2011.08.16 14:00:00";"125.671";"0.33";"2011.08.17 16:52:00";"126.497";"176.60";"14233.58";"IS";"PT";"-89.99";"178.25";"1d 2h 52m";""
"195";"GBPJPY_DukasM1_the5ers";"Buy";"2011.09.02 23:00:00";"124.649";"0.35";"2011.09.05 00:13:00";"124.213";"-101.54";"14132.04";"IS";"SL";"-107.80";"0.00";"2d 1h 13m";""
"196";"GBPJPY_DukasM1_the5ers";"Buy";"2011.10.28 17:00:00";"122.314";"0.3";"2011.10.31 03:25:00";"123.225";"177.22";"14309.26";"IS";"PT";"-85.53";"178.72";"2d 10h 25m";""
"197";"GBPJPY_DukasM1_the5ers";"Buy";"2011.10.31 04:00:00";"126.065";"0.16";"2011.10.31 04:05:00";"125.122";"-99.46";"14209.79";"IS";"SL";"-98.66";"12.66";"5m 0s";""
"198";"GBPJPY_DukasM1_the5ers";"Buy";"2011.11.02 12:00:00";"124.882";"0.26";"2011.11.03 01:15:00";"124.304";"-99.57";"14110.22";"IS";"SL";"-98.27";"51.52";"13h 15m";""
"199";"GBPJPY_DukasM1_the5ers";"Buy";"2011.12.02 12:00:00";"122.177";"0.36";"2011.12.02 17:55:00";"121.758";"-100.44";"14009.79";"IS";"SL";"-98.64";"110.41";"5h 55m";""
"200";"GBPJPY_DukasM1_the5ers";"Buy";"2011.12.07 16:00:00";"121.499";"0.39";"2011.12.07 16:59:00";"122.196";"175.81";"14185.59";"IS";"PT";"-22.70";"177.76";"59m 0s";""
"201";"GBPJPY_DukasM1_the5ers";"Buy";"2011.12.16 00:00:00";"120.793";"0.4";"2011.12.19 04:00:00";"120.677";"-32.34";"14153.25";"IS";"Exit After X Bars";"-96.00";"91.29";"3d 4h 0m";""
"202";"GBPJPY_DukasM1_the5ers";"Buy";"2011.12.19 16:00:00";"121.021";"0.39";"2011.12.20 11:56:00";"121.725";"177.59";"14330.84";"IS";"PT";"-48.20";"179.54";"19h 56m";""
"203";"GBPJPY_DukasM1_the5ers";"Buy";"2011.12.26 21:00:00";"121.803";"0.4";"2011.12.28 01:00:00";"121.988";"46.39";"14377.23";"IS";"Exit After X Bars";"-54.93";"125.81";"1d 4h 0m";""
"204";"GBPJPY_DukasM1_the5ers";"Buy";"2012.01.10 19:00:00";"119.016";"0.46";"2012.01.11 12:28:00";"118.687";"-101.26";"14275.97";"IS";"SL";"-98.96";"29.18";"17h 28m";""
"205";"GBPJPY_DukasM1_the5ers";"Buy";"2012.02.03 08:00:00";"120.522";"0.5";"2012.02.03 17:00:00";"121.062";"174.06";"14450.03";"IS";"PT";"-17.98";"176.56";"9h 0m";""
"206";"GBPJPY_DukasM1_the5ers";"Buy";"2012.03.20 11:00:00";"132.822";"0.35";"2012.03.20 16:20:00";"132.390";"-100.62";"14349.40";"IS";"SL";"-98.87";"37.31";"5h 20m";""
"207";"GBPJPY_DukasM1_the5ers";"Buy";"2012.03.27 14:00:00";"132.368";"0.31";"2012.03.27 15:44:00";"133.225";"172.18";"14521.58";"IS";"PT";"-45.00";"173.73";"1h 44m";""
"208";"GBPJPY_DukasM1_the5ers";"Buy";"2012.04.12 09:00:00";"128.948";"0.29";"2012.04.13 13:00:00";"128.934";"-4.10";"14517.48";"IS";"Exit After X Bars";"-48.17";"119.28";"1d 4h 0m";""
"209";"GBPJPY_DukasM1_the5ers";"Buy";"2012.04.20 10:00:00";"131.085";"0.36";"2012.04.23 10:01:00";"130.665";"-100.67";"14416.80";"IS";"SL";"-98.87";"168.08";"3d 0h 1m";""
"210";"GBPJPY_DukasM1_the5ers";"Buy";"2012.05.01 15:00:00";"129.590";"0.39";"2012.05.02 07:20:00";"130.293";"177.34";"14594.14";"IS";"PT";"-39.53";"179.29";"16h 20m";""
"211";"GBPJPY_DukasM1_the5ers";"Buy";"2012.05.25 17:00:00";"124.898";"0.35";"2012.05.25 17:59:00";"124.466";"-100.62";"14493.52";"IS";"SL";"-98.87";"6.18";"59m 0s";""
"212";"GBPJPY_DukasM1_the5ers";"Buy";"2012.05.29 02:00:00";"124.754";"0.46";"2012.05.29 17:00:00";"124.423";"-101.87";"14391.65";"IS";"SL";"-99.57";"67.38";"15h 0m";""
"213";"GBPJPY_DukasM1_the5ers";"Buy";"2012.06.20 15:00:00";"124.601";"0.32";"2012.06.21 12:16:00";"125.456";"177.31";"14568.96";"IS";"PT";"-53.57";"178.91";"21h 16m";""
"214";"GBPJPY_DukasM1_the5ers";"Buy";"2012.06.25 02:00:00";"125.511";"0.31";"2012.06.25 05:05:00";"125.021";"-100.88";"14468.08";"IS";"SL";"-99.33";"5.88";"3h 5m";""
"215";"GBPJPY_DukasM1_the5ers";"Buy";"2012.07.06 13:00:00";"124.204";"0.43";"2012.07.06 15:30:00";"123.853";"-100.85";"14367.24";"IS";"SL";"-98.70";"16.87";"2h 30m";""
"216";"GBPJPY_DukasM1_the5ers";"Buy";"2012.07.27 15:00:00";"122.792";"0.37";"2012.07.27 17:00:00";"123.530";"176.71";"14543.95";"IS";"PT";"-3.39";"178.56";"2h 0m";""
"217";"GBPJPY_DukasM1_the5ers";"Buy";"2012.08.13 14:00:00";"122.928";"0.4";"2012.08.14 15:23:00";"123.611";"176.65";"14720.60";"IS";"PT";"-41.33";"178.65";"1d 1h 23m";""
"218";"GBPJPY_DukasM1_the5ers";"Buy";"2012.08.20 11:00:00";"124.888";"0.43";"2012.08.21 15:00:00";"125.261";"102.73";"14823.33";"IS";"Exit After X Bars";"-85.20";"131.60";"1d 4h 0m";""
"219";"GBPJPY_DukasM1_the5ers";"Buy";"2012.08.27 16:00:00";"124.425";"0.49";"2012.08.28 03:39:00";"124.117";"-101.14";"14722.19";"IS";"SL";"-98.69";"7.69";"11h 39m";""
"220";"GBPJPY_DukasM1_the5ers";"Buy";"2012.08.29 14:00:00";"124.326";"0.58";"2012.08.30 15:17:00";"124.792";"173.84";"14896.03";"IS";"PT";"-10.24";"176.74";"1d 1h 17m";""
"221";"GBPJPY_DukasM1_the5ers";"Buy";"2012.09.06 13:00:00";"124.813";"0.61";"2012.09.06 15:15:00";"125.258";"174.46";"15070.49";"IS";"PT";"-35.50";"177.51";"2h 15m";""
"222";"GBPJPY_DukasM1_the5ers";"Buy";"2012.09.28 09:00:00";"125.976";"0.48";"2012.09.28 12:56:00";"125.656";"-102.84";"14967.65";"IS";"SL";"-100.44";"26.99";"3h 56m";""
"223";"GBPJPY_DukasM1_the5ers";"Buy";"2012.10.03 14:00:00";"126.132";"0.46";"2012.10.04 05:20:00";"126.717";"173.67";"15141.32";"IS";"PT";"-24.37";"175.97";"15h 20m";""
"224";"GBPJPY_DukasM1_the5ers";"Buy";"2012.11.02 15:00:00";"129.363";"0.43";"2012.11.02 15:49:00";"129.008";"-101.97";"15039.35";"IS";"SL";"-99.82";"25.03";"49m 0s";""
"225";"GBPJPY_DukasM1_the5ers";"Buy";"2012.11.29 22:00:00";"131.711";"0.33";"2012.11.30 09:17:00";"132.528";"174.65";"15214.00";"IS";"PT";"-29.78";"176.30";"11h 17m";""
"226";"GBPJPY_DukasM1_the5ers";"Buy";"2012.12.25 07:00:00";"136.905";"0.37";"2012.12.25 10:29:00";"136.499";"-100.08";"15113.92";"OOS1";"SL";"-98.23";"9.68";"3h 29m";""
"227";"GBPJPY_DukasM1_the5ers";"Buy";"2013.01.22 06:00:00";"142.378";"0.2";"2013.01.22 06:18:00";"141.623";"-99.74";"15014.18";"OOS1";"SL";"-98.74";"34.66";"18m 0s";""
"228";"GBPJPY_DukasM1_the5ers";"Buy";"2013.01.29 17:00:00";"142.853";"0.21";"2013.01.30 14:30:00";"144.111";"171.70";"15185.88";"OOS1";"PT";"-50.26";"172.75";"21h 30m";""
"229";"GBPJPY_DukasM1_the5ers";"Buy";"2013.01.31 12:00:00";"144.066";"0.25";"2013.01.31 22:36:00";"145.130";"172.69";"15358.57";"OOS1";"PT";"-84.52";"173.94";"10h 36m";""
"230";"GBPJPY_DukasM1_the5ers";"Buy";"2013.03.14 10:00:00";"143.700";"0.28";"2013.03.14 17:41:00";"144.670";"176.21";"15534.78";"OOS1";"PT";"-8.24";"177.61";"7h 41m";""
"231";"GBPJPY_DukasM1_the5ers";"Buy";"2013.04.03 12:00:00";"141.346";"0.31";"2013.04.03 16:59:00";"140.863";"-99.46";"15435.32";"OOS1";"SL";"-97.91";"36.89";"4h 59m";""
"232";"GBPJPY_DukasM1_the5ers";"Buy";"2013.04.30 05:00:00";"151.763";"0.23";"2013.04.30 12:35:00";"151.119";"-98.01";"15337.31";"OOS1";"SL";"-96.86";"8.87";"7h 35m";""
"233";"GBPJPY_DukasM1_the5ers";"Buy";"2013.05.02 14:00:00";"151.641";"0.27";"2013.05.02 15:21:00";"152.645";"175.92";"15513.22";"OOS1";"PT";"-79.45";"177.27";"1h 21m";""
"234";"GBPJPY_DukasM1_the5ers";"Buy";"2013.05.06 21:00:00";"154.537";"0.33";"2013.05.07 04:12:00";"154.072";"-101.99";"15411.23";"OOS1";"SL";"-100.34";"8.20";"7h 12m";""
"235";"GBPJPY_DukasM1_the5ers";"Buy";"2013.05.17 10:00:00";"156.237";"0.29";"2013.05.17 16:07:00";"155.725";"-98.54";"15312.68";"OOS1";"SL";"-97.09";"23.70";"6h 7m";""
"236";"GBPJPY_DukasM1_the5ers";"Buy";"2013.07.01 02:00:00";"151.125";"0.25";"2013.07.02 06:00:00";"151.503";"60.55";"15373.23";"OOS1";"Exit After X Bars";"-50.03";"153.84";"1d 4h 0m";""
"237";"GBPJPY_DukasM1_the5ers";"Buy";"2013.07.02 08:00:00";"151.525";"0.34";"2013.07.02 17:59:00";"152.327";"176.61";"15549.84";"OOS1";"PT";"-61.14";"178.31";"9h 59m";""
"238";"GBPJPY_DukasM1_the5ers";"Buy";"2013.08.13 00:00:00";"149.812";"0.27";"2013.08.13 08:22:00";"150.813";"175.39";"15725.23";"OOS1";"PT";"-13.24";"176.74";"8h 22m";""
"239";"GBPJPY_DukasM1_the5ers";"Buy";"2013.08.14 09:00:00";"151.990";"0.28";"2013.08.14 10:25:00";"151.446";"-101.01";"15624.22";"OOS1";"SL";"-99.61";"4.76";"1h 25m";""
"240";"GBPJPY_DukasM1_the5ers";"Buy";"2013.08.19 12:00:00";"152.805";"0.27";"2013.08.20 08:26:00";"152.254";"-98.63";"15525.59";"OOS1";"SL";"-97.28";"135.60";"20h 26m";""
"241";"GBPJPY_DukasM1_the5ers";"Buy";"2013.08.21 08:00:00";"152.694";"0.25";"2013.08.22 12:00:00";"153.431";"119.24";"15644.82";"OOS1";"Exit After X Bars";"-44.30";"154.00";"1d 4h 0m";""
"242";"GBPJPY_DukasM1_the5ers";"Buy";"2013.09.16 02:00:00";"157.728";"0.27";"2013.09.17 06:00:00";"157.829";"16.48";"15661.31";"OOS1";"Exit After X Bars";"-72.04";"36.19";"1d 4h 0m";""
"243";"GBPJPY_DukasM1_the5ers";"Buy";"2013.09.18 10:00:00";"157.863";"0.4";"2013.09.18 11:26:00";"157.487";"-100.35";"15560.96";"OOS1";"SL";"-98.35";"21.19";"1h 26m";""
"244";"GBPJPY_DukasM1_the5ers";"Buy";"2013.10.14 14:00:00";"157.063";"0.4";"2013.10.15 18:00:00";"157.427";"93.21";"15654.17";"OOS1";"Exit After X Bars";"-53.10";"168.71";"1d 4h 0m";""
"245";"GBPJPY_DukasM1_the5ers";"Buy";"2013.10.22 06:00:00";"158.519";"0.48";"2013.10.22 16:13:00";"159.081";"174.00";"15828.17";"OOS1";"PT";"-63.72";"176.40";"10h 13m";""
"246";"GBPJPY_DukasM1_the5ers";"Buy";"2013.11.11 23:00:00";"158.645";"0.39";"2013.11.12 11:30:00";"158.257";"-100.90";"15727.27";"OOS1";"SL";"-98.95";"149.19";"12h 30m";""
"247";"GBPJPY_DukasM1_the5ers";"Buy";"2013.12.25 09:00:00";"170.798";"0.44";"2013.12.26 02:39:00";"171.414";"175.04";"15902.31";"OOS1";"PT";"-66.75";"177.24";"17h 39m";""
"248";"GBPJPY_DukasM1_the5ers";"Buy";"2014.01.17 12:00:00";"171.674";"0.23";"2014.01.20 02:15:00";"171.030";"-98.01";"15804.30";"OOS1";"SL";"-96.86";"29.93";"2d 14h 15m";""
"249";"GBPJPY_DukasM1_the5ers";"Buy";"2014.01.29 01:00:00";"171.220";"0.21";"2014.01.29 11:37:00";"170.506";"-99.10";"15705.20";"OOS1";"SL";"-98.05";"32.82";"10h 37m";""
"250";"GBPJPY_DukasM1_the5ers";"Buy";"2014.02.06 17:00:00";"166.044";"0.2";"2014.02.07 15:29:00";"167.402";"176.61";"15881.81";"OOS1";"PT";"-1.83";"177.61";"22h 29m";""
"251";"GBPJPY_DukasM1_the5ers";"Buy";"2014.02.12 13:00:00";"169.388";"0.26";"2014.02.12 14:40:00";"168.798";"-101.61";"15780.19";"OOS1";"SL";"-100.31";"31.11";"1h 40m";""
"252";"GBPJPY_DukasM1_the5ers";"Buy";"2014.02.25 13:00:00";"170.888";"0.3";"2014.02.25 17:06:00";"170.391";"-99.00";"15681.19";"OOS1";"SL";"-97.50";"39.43";"4h 6m";""
"253";"GBPJPY_DukasM1_the5ers";"Buy";"2014.03.05 10:00:00";"170.452";"0.33";"2014.03.05 14:34:00";"171.267";"174.22";"15855.42";"OOS1";"PT";"-28.05";"175.87";"4h 34m";""
"254";"GBPJPY_DukasM1_the5ers";"Buy";"2014.03.07 12:00:00";"172.461";"0.31";"2014.03.07 15:30:00";"173.329";"174.41";"16029.82";"OOS1";"PT";"-28.38";"175.96";"3h 30m";""
"255";"GBPJPY_DukasM1_the5ers";"Buy";"2014.03.11 10:00:00";"171.674";"0.32";"2014.03.11 19:26:00";"171.202";"-100.37";"15929.46";"OOS1";"SL";"-98.77";"62.57";"9h 26m";""
"256";"GBPJPY_DukasM1_the5ers";"Buy";"2014.03.25 13:00:00";"168.756";"0.34";"2014.03.26 16:16:00";"169.545";"173.72";"16103.18";"OOS1";"PT";"-18.68";"175.42";"1d 3h 16m";""
"257";"GBPJPY_DukasM1_the5ers";"Buy";"2014.04.01 17:00:00";"172.197";"0.36";"2014.04.02 11:19:00";"172.943";"173.82";"16277.00";"OOS1";"PT";"-33.90";"175.62";"18h 19m";""
"258";"GBPJPY_DukasM1_the5ers";"Buy";"2014.04.17 13:00:00";"171.791";"0.36";"2014.04.18 17:00:00";"171.962";"38.46";"16315.45";"OOS1";"Exit After X Bars";"-52.26";"93.69";"1d 4h 0m";""
"259";"GBPJPY_DukasM1_the5ers";"Buy";"2014.04.18 23:00:00";"171.983";"0.56";"2014.04.21 14:38:00";"172.465";"173.71";"16489.16";"OOS1";"PT";"-80.20";"176.51";"2d 15h 38m";""
"260";"GBPJPY_DukasM1_the5ers";"Buy";"2014.04.22 03:00:00";"172.414";"0.6";"2014.04.22 09:03:00";"172.160";"-102.66";"16386.50";"OOS1";"SL";"-99.66";"11.77";"6h 3m";""
"261";"GBPJPY_DukasM1_the5ers";"Buy";"2014.05.02 09:00:00";"172.911";"0.52";"2014.05.02 15:44:00";"173.433";"174.90";"16561.40";"OOS1";"PT";"-55.77";"177.50";"6h 44m";""
"262";"GBPJPY_DukasM1_the5ers";"Buy";"2014.05.15 16:00:00";"170.924";"0.38";"2014.05.15 17:09:00";"170.521";"-102.04";"16459.36";"OOS1";"SL";"-100.14";"3.48";"1h 9m";""
"263";"GBPJPY_DukasM1_the5ers";"Buy";"2014.05.21 06:00:00";"170.518";"0.45";"2014.05.21 09:35:00";"170.177";"-102.59";"16356.76";"OOS1";"SL";"-100.34";"0.00";"3h 35m";""
"264";"GBPJPY_DukasM1_the5ers";"Buy";"2014.05.26 21:00:00";"171.678";"0.6";"2014.05.27 12:30:00";"171.422";"-103.44";"16253.32";"OOS1";"SL";"-100.44";"115.74";"15h 30m";""
"265";"GBPJPY_DukasM1_the5ers";"Buy";"2014.06.19 14:00:00";"173.342";"0.48";"2014.06.20 10:19:00";"173.908";"175.26";"16428.58";"OOS1";"PT";"-16.01";"177.66";"20h 19m";""
"266";"GBPJPY_DukasM1_the5ers";"Buy";"2014.06.26 10:00:00";"172.896";"0.65";"2014.06.26 12:39:00";"173.317";"175.70";"16604.28";"OOS1";"PT";"-83.31";"178.95";"2h 39m";""
"267";"GBPJPY_DukasM1_the5ers";"Buy";"2014.07.08 10:00:00";"174.506";"0.61";"2014.07.08 11:30:00";"174.257";"-102.37";"16501.90";"OOS1";"SL";"-99.32";"9.17";"1h 30m";""
"268";"GBPJPY_DukasM1_the5ers";"Buy";"2014.07.15 09:00:00";"173.522";"0.61";"2014.07.15 11:30:00";"173.970";"175.65";"16677.55";"OOS1";"PT";"-96.13";"178.70";"2h 30m";""
"269";"GBPJPY_DukasM1_the5ers";"Buy";"2014.07.16 12:00:00";"174.172";"0.53";"2014.07.17 09:33:00";"173.882";"-103.16";"16574.40";"OOS1";"SL";"-100.51";"82.14";"21h 33m";""
"270";"GBPJPY_DukasM1_the5ers";"Buy";"2014.07.23 12:00:00";"172.968";"0.57";"2014.07.23 12:13:00";"172.698";"-103.49";"16470.91";"OOS1";"SL";"-100.64";"0.00";"13m 0s";""
"271";"GBPJPY_DukasM1_the5ers";"Buy";"2014.07.29 05:00:00";"173.060";"0.74";"2014.07.29 13:48:00";"172.854";"-103.38";"16367.52";"OOS1";"SL";"-99.68";"70.17";"8h 48m";""
"272";"GBPJPY_DukasM1_the5ers";"Buy";"2014.07.30 13:00:00";"173.142";"0.69";"2014.07.30 16:04:00";"173.536";"174.33";"16541.85";"OOS1";"PT";"-60.01";"177.78";"3h 4m";""
"273";"GBPJPY_DukasM1_the5ers";"Buy";"2014.08.01 09:00:00";"173.722";"0.57";"2014.08.01 11:30:00";"173.456";"-102.00";"16439.85";"OOS1";"SL";"-99.15";"45.85";"2h 30m";""
"274";"GBPJPY_DukasM1_the5ers";"Buy";"2014.08.22 04:00:00";"172.242";"0.54";"2014.08.22 08:37:00";"171.959";"-102.63";"16337.22";"OOS1";"SL";"-99.93";"9.18";"4h 37m";""
"275";"GBPJPY_DukasM1_the5ers";"Buy";"2014.09.23 06:00:00";"178.162";"0.31";"2014.09.23 09:58:00";"177.668";"-101.69";"16235.53";"OOS1";"SL";"-100.14";"22.91";"3h 58m";""
"276";"GBPJPY_DukasM1_the5ers";"Buy";"2014.10.27 17:00:00";"173.912";"0.31";"2014.10.28 21:00:00";"174.326";"82.37";"16317.90";"OOS1";"Exit After X Bars";"-69.33";"167.85";"1d 4h 0m";""
"277";"GBPJPY_DukasM1_the5ers";"Buy";"2014.11.19 03:00:00";"182.631";"0.24";"2014.11.19 11:33:00";"183.746";"173.79";"16491.69";"OOS1";"PT";"-17.42";"174.99";"8h 33m";""
"278";"GBPJPY_DukasM1_the5ers";"Buy";"2014.11.26 11:00:00";"185.124";"0.3";"2014.11.26 20:35:00";"186.019";"174.08";"16665.77";"OOS1";"PT";"-69.45";"175.58";"9h 35m";""
"279";"GBPJPY_DukasM1_the5ers";"Buy";"2014.11.28 01:00:00";"185.322";"0.3";"2014.12.01 05:00:00";"185.601";"53.23";"16719.00";"OOS1";"Exit After X Bars";"-18.64";"127.71";"3d 4h 0m";""
"280";"GBPJPY_DukasM1_the5ers";"Buy";"2014.12.03 04:00:00";"186.715";"0.33";"2014.12.03 16:30:00";"187.531";"174.44";"16893.44";"OOS1";"PT";"-94.95";"176.09";"12h 30m";""
"281";"GBPJPY_DukasM1_the5ers";"Buy";"2014.12.04 13:00:00";"188.230";"0.35";"2014.12.04 14:59:00";"187.799";"-100.39";"16793.05";"OOS1";"SL";"-98.64";"0.00";"1h 59m";""
"282";"GBPJPY_DukasM1_the5ers";"Buy";"2014.12.23 04:00:00";"187.213";"0.28";"2014.12.23 13:19:00";"186.674";"-100.09";"16692.96";"OOS1";"SL";"-98.69";"49.44";"9h 19m";""
"283";"GBPJPY_DukasM1_the5ers";"Buy";"2014.12.29 03:00:00";"187.500";"0.38";"2014.12.29 18:53:00";"187.105";"-100.05";"16592.90";"OOS1";"SL";"-98.15";"71.32";"15h 53m";""
"284";"GBPJPY_DukasM1_the5ers";"Buy";"2015.01.30 02:00:00";"178.331";"0.22";"2015.01.30 07:41:00";"177.650";"-99.07";"16493.83";"OOS1";"SL";"-97.97";"0.00";"5h 41m";""
"285";"GBPJPY_DukasM1_the5ers";"Buy";"2015.02.16 09:00:00";"183.012";"0.24";"2015.02.16 12:31:00";"182.397";"-97.72";"16396.11";"OOS1";"SL";"-96.52";"31.07";"3h 31m";""
"286";"GBPJPY_DukasM1_the5ers";"Buy";"2015.02.27 15:00:00";"184.290";"0.29";"2015.03.02 19:00:00";"184.550";"47.86";"16443.97";"OOS1";"Exit After X Bars";"-89.89";"135.97";"3d 4h 0m";""
"287";"GBPJPY_DukasM1_the5ers";"Buy";"2015.03.02 23:00:00";"184.631";"0.32";"2015.03.03 04:37:00";"184.159";"-100.37";"16343.60";"OOS1";"SL";"-98.77";"18.21";"5h 37m";""
"288";"GBPJPY_DukasM1_the5ers";"Buy";"2015.04.06 04:00:00";"177.555";"0.3";"2015.04.07 08:00:00";"178.096";"104.63";"16448.23";"OOS1";"Exit After X Bars";"-13.34";"157.33";"1d 4h 0m";""
"289";"GBPJPY_DukasM1_the5ers";"Buy";"2015.04.17 11:00:00";"177.808";"0.3";"2015.04.17 12:01:00";"178.711";"175.65";"16623.88";"OOS1";"PT";"-11.77";"177.15";"1h 1m";""
"290";"GBPJPY_DukasM1_the5ers";"Buy";"2015.04.27 17:00:00";"180.994";"0.28";"2015.04.28 15:01:00";"181.966";"176.57";"16800.45";"OOS1";"PT";"-55.30";"177.97";"22h 1m";""
"291";"GBPJPY_DukasM1_the5ers";"Buy";"2015.05.05 10:00:00";"181.507";"0.33";"2015.05.05 15:32:00";"182.325";"174.87";"16975.32";"OOS1";"PT";"-9.93";"176.52";"5h 32m";""
"292";"GBPJPY_DukasM1_the5ers";"Buy";"2015.06.05 12:00:00";"190.945";"0.26";"2015.06.08 16:00:00";"191.088";"23.01";"16998.34";"OOS1";"Exit After X Bars";"-88.24";"171.72";"3d 4h 0m";""
"293";"GBPJPY_DukasM1_the5ers";"Buy";"2015.06.12 11:00:00";"191.802";"0.27";"2015.06.15 15:00:00";"191.485";"-57.32";"16941.02";"OOS1";"Exit After X Bars";"-93.05";"71.68";"3d 4h 0m";""
"1";"GBPJPY_DukasM1_the5ers";"Buy";"2015.08.14 16:00:00";"194.255";"0.36";"2015.08.17 09:27:00";"195.011";"176.17";"17117.19";"OOS1";"PT";"-83.10";"177.97";"2d 17h 27m";""
"2";"GBPJPY_DukasM1_the5ers";"Buy";"2015.08.19 12:00:00";"194.815";"0.39";"2015.08.19 17:30:00";"194.425";"-101.41";"17015.78";"OOS1";"SL";"-99.46";"56.11";"5h 30m";""
"3";"GBPJPY_DukasM1_the5ers";"Buy";"2015.09.08 09:00:00";"182.770";"0.22";"2015.09.08 09:25:00";"183.992";"174.70";"17190.48";"OOS1";"PT";"-6.76";"175.80";"25m 0s";""
"4";"GBPJPY_DukasM1_the5ers";"Buy";"2015.09.16 12:00:00";"185.348";"0.24";"2015.09.16 16:32:00";"186.450";"171.75";"17362.23";"OOS1";"PT";"-19.77";"172.95";"4h 32m";""
"5";"GBPJPY_DukasM1_the5ers";"Buy";"2015.09.22 07:00:00";"186.844";"0.28";"2015.09.22 10:01:00";"186.296";"-101.74";"17260.49";"OOS1";"SL";"-100.34";"16.30";"3h 1m";""
"6";"GBPJPY_DukasM1_the5ers";"Buy";"2015.11.03 18:00:00";"186.559";"0.33";"2015.11.04 22:00:00";"186.996";"92.65";"17353.14";"OOS1";"Exit After X Bars";"-17.48";"163.14";"1d 4h 0m";""
"7";"GBPJPY_DukasM1_the5ers";"Buy";"2015.11.10 15:00:00";"186.314";"0.31";"2015.11.11 19:00:00";"186.928";"122.92";"17476.06";"OOS1";"Exit After X Bars";"-74.19";"146.97";"1d 4h 0m";""
"8";"GBPJPY_DukasM1_the5ers";"Buy";"2015.12.24 02:00:00";"179.897";"0.33";"2015.12.24 07:03:00";"179.440";"-100.27";"17375.79";"OOS1";"SL";"-98.62";"16.18";"5h 3m";""
"9";"GBPJPY_DukasM1_the5ers";"Buy";"2015.12.25 09:00:00";"179.573";"0.29";"2015.12.28 00:05:00";"179.057";"-99.30";"17276.49";"OOS1";"SL";"-106.58";"39.82";"2d 15h 5m";""
"10";"GBPJPY_DukasM1_the5ers";"Buy";"2015.12.28 03:00:00";"179.675";"0.28";"2015.12.28 17:47:00";"179.130";"-101.19";"17175.30";"OOS1";"SL";"-99.79";"67.93";"14h 47m";""
"11";"GBPJPY_DukasM1_the5ers";"Buy";"2015.12.30 17:00:00";"178.777";"0.33";"2015.12.31 11:27:00";"178.316";"-101.13";"17074.17";"OOS1";"SL";"-99.48";"56.11";"18h 27m";""
"12";"GBPJPY_DukasM1_the5ers";"Buy";"2016.01.27 22:00:00";"169.112";"0.15";"2016.01.28 17:14:00";"170.826";"167.37";"17241.54";"OOS1";"PT";"-43.06";"168.12";"19h 14m";""
"13";"GBPJPY_DukasM1_the5ers";"Buy";"2016.02.16 06:00:00";"165.752";"0.18";"2016.02.16 09:14:00";"164.924";"-98.36";"17143.18";"OOS1";"SL";"-97.46";"7.18";"3h 14m";""
"14";"GBPJPY_DukasM1_the5ers";"Buy";"2016.03.04 17:00:00";"161.139";"0.2";"2016.03.07 12:36:00";"160.380";"-100.27";"17042.92";"OOS1";"SL";"-99.27";"169.76";"2d 19h 36m";""
"15";"GBPJPY_DukasM1_the5ers";"Buy";"2016.03.10 15:00:00";"161.594";"0.21";"2016.03.11 16:43:00";"162.899";"178.16";"17221.07";"OOS1";"PT";"-85.55";"179.21";"1d 1h 43m";""
"16";"GBPJPY_DukasM1_the5ers";"Buy";"2016.03.16 11:00:00";"160.434";"0.23";"2016.03.16 14:48:00";"159.784";"-98.91";"17122.16";"OOS1";"SL";"-97.76";"34.14";"3h 48m";""
"17";"GBPJPY_DukasM1_the5ers";"Buy";"2016.03.24 13:00:00";"159.236";"0.25";"2016.03.24 15:57:00";"158.634";"-99.67";"17022.50";"OOS1";"SL";"-98.42";"24.85";"2h 57m";""
"18";"GBPJPY_DukasM1_the5ers";"Buy";"2016.03.25 16:00:00";"159.887";"0.25";"2016.03.28 10:26:00";"160.979";"177.27";"17199.77";"OOS1";"PT";"-40.87";"178.52";"2d 18h 26m";""
"19";"GBPJPY_DukasM1_the5ers";"Buy";"2016.04.21 13:00:00";"157.600";"0.24";"2016.04.21 16:55:00";"156.961";"-101.49";"17098.28";"OOS1";"SL";"-100.29";"121.00";"3h 55m";""
"20";"GBPJPY_DukasM1_the5ers";"Buy";"2016.04.26 11:00:00";"161.172";"0.2";"2016.04.26 18:47:00";"162.512";"174.25";"17272.53";"OOS1";"PT";"-20.53";"175.25";"7h 47m";""
"21";"GBPJPY_DukasM1_the5ers";"Buy";"2016.04.27 14:00:00";"162.486";"0.23";"2016.04.27 16:29:00";"161.840";"-98.31";"17174.22";"OOS1";"SL";"-97.16";"10.98";"2h 29m";""
"22";"GBPJPY_DukasM1_the5ers";"Buy";"2016.05.24 11:00:00";"159.277";"0.23";"2016.05.24 16:13:00";"160.431";"172.41";"17346.64";"OOS1";"PT";"-31.43";"173.56";"5h 13m";""
"23";"GBPJPY_DukasM1_the5ers";"Buy";"2016.06.15 05:00:00";"150.084";"0.15";"2016.06.16 05:45:00";"149.107";"-96.58";"17250.05";"OOS1";"SL";"-95.83";"106.82";"1d 0h 45m";""
"24";"GBPJPY_DukasM1_the5ers";"Buy";"2016.06.22 15:00:00";"153.559";"0.16";"2016.06.23 00:29:00";"155.174";"168.17";"17418.23";"OOS1";"PT";"-73.24";"168.97";"9h 29m";""
"25";"GBPJPY_DukasM1_the5ers";"Buy";"2016.07.04 19:00:00";"136.332";"0.2";"2016.07.05 04:18:00";"135.568";"-100.92";"17317.31";"OOS1";"SL";"-99.92";"10.33";"9h 18m";""
"26";"GBPJPY_DukasM1_the5ers";"Buy";"2016.07.11 08:00:00";"131.150";"0.19";"2016.07.11 13:57:00";"132.559";"174.11";"17491.42";"OOS1";"PT";"-2.98";"175.06";"5h 57m";""
"27";"GBPJPY_DukasM1_the5ers";"Buy";"2016.07.22 10:00:00";"140.272";"0.15";"2016.07.22 12:44:00";"139.272";"-98.84";"17392.58";"OOS1";"SL";"-98.09";"81.71";"2h 44m";""
"28";"GBPJPY_DukasM1_the5ers";"Buy";"2016.08.02 11:00:00";"134.200";"0.17";"2016.08.03 15:00:00";"134.977";"85.53";"17478.11";"OOS1";"Exit After X Bars";"-33.35";"137.62";"1d 4h 0m";""
"29";"GBPJPY_DukasM1_the5ers";"Buy";"2016.08.04 04:00:00";"135.065";"0.24";"2016.08.04 13:59:00";"134.449";"-97.88";"17380.23";"OOS1";"SL";"-96.68";"28.56";"9h 59m";""
"30";"GBPJPY_DukasM1_the5ers";"Buy";"2016.08.05 15:00:00";"133.074";"0.25";"2016.08.05 15:59:00";"132.467";"-100.48";"17279.75";"OOS1";"SL";"-99.23";"24.69";"59m 0s";""
"31";"GBPJPY_DukasM1_the5ers";"Buy";"2016.08.10 13:00:00";"132.299";"0.29";"2016.08.10 16:50:00";"131.780";"-99.87";"17179.88";"OOS1";"SL";"-98.42";"32.43";"3h 50m";""
"32";"GBPJPY_DukasM1_the5ers";"Buy";"2016.08.24 12:00:00";"132.440";"0.35";"2016.08.24 16:58:00";"133.219";"176.54";"17356.42";"OOS1";"PT";"-15.56";"178.29";"4h 58m";""
"33";"GBPJPY_DukasM1_the5ers";"Buy";"2016.08.26 18:00:00";"132.679";"0.36";"2016.08.26 18:50:00";"133.440";"177.35";"17533.77";"OOS1";"PT";"-12.24";"179.15";"50m 0s";""
"34";"GBPJPY_DukasM1_the5ers";"Buy";"2016.09.08 14:00:00";"135.907";"0.31";"2016.09.08 16:33:00";"135.420";"-100.27";"17433.50";"OOS1";"SL";"-98.72";"3.24";"2h 33m";""
"35";"GBPJPY_DukasM1_the5ers";"Buy";"2016.09.28 22:00:00";"131.214";"0.27";"2016.09.29 04:21:00";"132.200";"172.74";"17606.23";"OOS1";"PT";"-50.14";"174.09";"6h 21m";""
"36";"GBPJPY_DukasM1_the5ers";"Buy";"2016.10.05 10:00:00";"130.737";"0.27";"2016.10.05 17:00:00";"131.733";"174.50";"17780.74";"OOS1";"PT";"-42.02";"175.85";"7h 0m";""
"37";"GBPJPY_DukasM1_the5ers";"Buy";"2016.10.17 21:00:00";"126.677";"0.25";"2016.10.18 12:56:00";"127.750";"174.17";"17954.90";"OOS1";"PT";"-35.80";"175.42";"15h 56m";""
"38";"GBPJPY_DukasM1_the5ers";"Buy";"2016.10.31 18:00:00";"128.333";"0.29";"2016.11.01 16:39:00";"127.814";"-99.87";"17855.03";"OOS1";"SL";"-98.42";"132.94";"22h 39m";""
"39";"GBPJPY_DukasM1_the5ers";"Buy";"2016.12.14 16:00:00";"145.936";"0.26";"2016.12.14 22:33:00";"146.953";"171.61";"18026.64";"OOS1";"PT";"-21.93";"172.91";"6h 33m";""
"40";"GBPJPY_DukasM1_the5ers";"Buy";"2016.12.16 15:00:00";"147.192";"0.2";"2016.12.19 06:13:00";"146.435";"-100.00";"17926.64";"OOS1";"SL";"-99.00";"17.26";"2d 15h 13m";""
"41";"GBPJPY_DukasM1_the5ers";"Buy";"2016.12.22 09:00:00";"145.446";"0.32";"2016.12.22 12:03:00";"144.973";"-100.58";"17826.06";"OOS1";"SL";"-98.98";"15.48";"3h 3m";""
"42";"GBPJPY_DukasM1_the5ers";"Buy";"2017.01.24 18:00:00";"141.790";"0.2";"2017.01.25 11:53:00";"143.161";"178.31";"18004.37";"OOS1";"PT";"-12.29";"179.31";"17h 53m";""
"43";"GBPJPY_DukasM1_the5ers";"Buy";"2017.02.14 00:00:00";"142.438";"0.29";"2017.02.14 11:30:00";"141.922";"-99.30";"17905.06";"OOS1";"SL";"-97.85";"22.76";"11h 30m";""
"44";"GBPJPY_DukasM1_the5ers";"Buy";"2017.03.07 04:00:00";"139.542";"0.38";"2017.03.07 09:57:00";"139.144";"-100.80";"17804.26";"OOS1";"SL";"-98.90";"16.15";"5h 57m";""
"45";"GBPJPY_DukasM1_the5ers";"Buy";"2017.03.09 11:00:00";"139.664";"0.35";"2017.03.09 13:29:00";"139.232";"-100.62";"17703.64";"OOS1";"SL";"-98.87";"6.87";"2h 29m";""
"46";"GBPJPY_DukasM1_the5ers";"Buy";"2017.03.17 11:00:00";"140.311";"0.31";"2017.03.17 13:24:00";"139.816";"-101.89";"17601.74";"OOS1";"SL";"-100.34";"30.81";"2h 24m";""
"47";"GBPJPY_DukasM1_the5ers";"Buy";"2017.03.28 11:00:00";"139.297";"0.35";"2017.03.28 13:52:00";"138.863";"-101.08";"17500.66";"OOS1";"SL";"-99.33";"22.66";"2h 52m";""
"48";"GBPJPY_DukasM1_the5ers";"Buy";"2017.04.05 12:00:00";"138.144";"0.29";"2017.04.06 16:00:00";"138.136";"-2.97";"17497.70";"OOS1";"Exit After X Bars";"-80.79";"170.29";"1d 4h 0m";""
"49";"GBPJPY_DukasM1_the5ers";"Buy";"2017.04.28 11:00:00";"143.969";"0.31";"2017.05.01 15:00:00";"144.372";"80.14";"17577.84";"OOS1";"Exit After X Bars";"-51.29";"133.18";"3d 4h 0m";""
"50";"GBPJPY_DukasM1_the5ers";"Buy";"2017.05.02 12:00:00";"144.549";"0.34";"2017.05.03 16:00:00";"145.117";"124.59";"17702.43";"OOS1";"Exit After X Bars";"-8.00";"135.18";"1d 4h 0m";""
"51";"GBPJPY_DukasM1_the5ers";"Buy";"2017.06.14 10:00:00";"140.749";"0.35";"2017.06.14 11:54:00";"140.316";"-100.85";"17601.57";"OOS1";"SL";"-99.10";"35.70";"1h 54m";""
"52";"GBPJPY_DukasM1_the5ers";"Buy";"2017.06.20 01:00:00";"142.115";"0.34";"2017.06.20 10:30:00";"141.673";"-99.97";"17501.60";"OOS1";"SL";"-98.27";"95.38";"9h 30m";""
"53";"GBPJPY_DukasM1_the5ers";"Buy";"2017.06.28 16:00:00";"143.796";"0.29";"2017.06.28 16:35:00";"144.725";"174.72";"17676.33";"OOS1";"PT";"-6.45";"176.17";"35m 0s";""
"54";"GBPJPY_DukasM1_the5ers";"Buy";"2017.07.05 10:00:00";"146.358";"0.36";"2017.07.06 12:53:00";"147.103";"173.58";"17849.91";"OOS1";"PT";"-72.27";"175.38";"1d 2h 53m";""
"55";"GBPJPY_DukasM1_the5ers";"Buy";"2017.07.24 17:00:00";"144.596";"0.32";"2017.07.25 14:50:00";"145.440";"175.01";"18024.92";"OOS1";"PT";"-42.27";"176.61";"21h 50m";""
"56";"GBPJPY_DukasM1_the5ers";"Buy";"2017.07.26 12:00:00";"145.630";"0.36";"2017.07.26 18:20:00";"146.384";"175.70";"18200.62";"OOS1";"PT";"-18.13";"177.50";"6h 20m";""
"57";"GBPJPY_DukasM1_the5ers";"Buy";"2017.09.06 10:00:00";"141.509";"0.38";"2017.09.06 16:45:00";"142.219";"174.53";"18375.15";"OOS1";"PT";"-35.04";"176.43";"6h 45m";""
"58";"GBPJPY_DukasM1_the5ers";"Buy";"2017.09.14 15:00:00";"147.658";"0.24";"2017.09.15 01:01:00";"147.029";"-99.92";"18275.23";"OOS1";"SL";"-98.72";"107.35";"10h 1m";""
"59";"GBPJPY_DukasM1_the5ers";"Buy";"2017.10.04 12:00:00";"149.414";"0.34";"2017.10.05 10:04:00";"148.971";"-100.19";"18175.04";"OOS1";"SL";"-98.49";"109.17";"22h 4m";""
"60";"GBPJPY_DukasM1_the5ers";"Buy";"2017.10.10 21:00:00";"148.321";"0.36";"2017.10.11 12:33:00";"147.898";"-101.38";"18073.66";"OOS1";"SL";"-99.58";"63.80";"15h 33m";""
"61";"GBPJPY_DukasM1_the5ers";"Buy";"2017.11.17 12:00:00";"149.132";"0.35";"2017.11.17 12:58:00";"148.700";"-100.62";"17973.04";"OOS1";"SL";"-98.87";"18.31";"58m 0s";""
"62";"GBPJPY_DukasM1_the5ers";"Buy";"2017.11.24 03:00:00";"148.113";"0.43";"2017.11.24 16:14:00";"148.743";"175.00";"18148.04";"OOS1";"PT";"-41.62";"177.15";"13h 14m";""
"63";"GBPJPY_DukasM1_the5ers";"Buy";"2017.12.12 11:00:00";"151.456";"0.36";"2017.12.12 12:27:00";"151.032";"-101.61";"18046.42";"OOS1";"SL";"-99.81";"70.86";"1h 27m";""
"64";"GBPJPY_DukasM1_the5ers";"Buy";"2017.12.19 18:00:00";"150.847";"0.4";"2017.12.20 10:20:00";"151.529";"176.39";"18222.81";"OOS1";"PT";"-65.92";"178.39";"16h 20m";""
"65";"GBPJPY_DukasM1_the5ers";"Buy";"2018.01.24 11:00:00";"154.509";"0.3";"2018.01.24 17:16:00";"155.395";"172.31";"18395.13";"OOS1";"PT";"-54.73";"173.81";"6h 16m";""
"66";"GBPJPY_DukasM1_the5ers";"Buy";"2018.02.19 12:00:00";"149.447";"0.28";"2018.02.19 16:39:00";"148.916";"-98.63";"18296.50";"OOS1";"SL";"-97.23";"3.66";"4h 39m";""
"67";"GBPJPY_DukasM1_the5ers";"Buy";"2018.02.20 11:00:00";"149.490";"0.37";"2018.02.20 18:27:00";"150.223";"175.50";"18472.00";"OOS1";"PT";"-11.13";"177.35";"7h 27m";""
"1";"GBPJPY_DukasM1_the5ers";"Buy";"2018.03.13 06:00:00";"148.111";"0.37";"2018.03.13 12:15:00";"148.839";"174.29";"18646.29";"OOS1";"PT";"-3.39";"176.14";"6h 15m";""
"2";"GBPJPY_DukasM1_the5ers";"Buy";"2018.03.14 16:00:00";"148.731";"0.34";"2018.03.14 17:13:00";"148.287";"-100.42";"18545.87";"OOS1";"SL";"-98.72";"4.00";"1h 13m";""
"3";"GBPJPY_DukasM1_the5ers";"Buy";"2018.03.21 07:00:00";"149.234";"0.37";"2018.03.21 20:09:00";"149.966";"175.26";"18721.13";"OOS1";"PT";"-68.71";"177.11";"13h 9m";""
"4";"GBPJPY_DukasM1_the5ers";"Buy";"2018.04.02 02:00:00";"149.180";"0.34";"2018.04.02 18:38:00";"148.736";"-100.42";"18620.72";"OOS1";"SL";"-98.72";"109.17";"16h 38m";""
"5";"GBPJPY_DukasM1_the5ers";"Buy";"2018.04.11 10:00:00";"152.086";"0.37";"2018.04.11 13:57:00";"151.681";"-99.84";"18520.88";"OOS1";"SL";"-97.99";"37.74";"3h 57m";""
"6";"GBPJPY_DukasM1_the5ers";"Buy";"2018.04.12 14:00:00";"152.028";"0.32";"2018.04.13 03:54:00";"152.881";"176.90";"18697.77";"OOS1";"PT";"-2.93";"178.50";"13h 54m";""
"7";"GBPJPY_DukasM1_the5ers";"Buy";"2018.04.17 10:00:00";"153.607";"0.39";"2018.04.17 12:02:00";"153.217";"-101.41";"18596.36";"OOS1";"SL";"-99.46";"36.98";"2h 2m";""
"8";"GBPJPY_DukasM1_the5ers";"Buy";"2018.04.25 19:00:00";"152.430";"0.37";"2018.04.26 10:55:00";"152.016";"-102.02";"18494.34";"OOS1";"SL";"-100.17";"40.41";"15h 55m";""
"9";"GBPJPY_DukasM1_the5ers";"Buy";"2018.05.15 12:00:00";"148.864";"0.42";"2018.05.15 16:21:00";"148.505";"-100.70";"18393.64";"OOS1";"SL";"-98.60";"49.99";"4h 21m";""
"10";"GBPJPY_DukasM1_the5ers";"Buy";"2018.06.07 10:00:00";"147.928";"0.37";"2018.06.07 14:38:00";"147.513";"-102.26";"18291.38";"OOS1";"SL";"-100.41";"45.73";"4h 38m";""
"11";"GBPJPY_DukasM1_the5ers";"Buy";"2018.06.20 06:00:00";"144.911";"0.31";"2018.06.21 10:00:00";"145.240";"65.14";"18356.53";"OOS1";"Exit After X Bars";"-25.74";"156.50";"1d 4h 0m";""
"12";"GBPJPY_DukasM1_the5ers";"Buy";"2018.07.04 13:00:00";"145.943";"0.34";"2018.07.05 12:45:00";"146.731";"173.50";"18530.03";"OOS1";"PT";"-23.79";"175.20";"23h 45m";""
"13";"GBPJPY_DukasM1_the5ers";"Buy";"2018.07.24 03:00:00";"146.067";"0.41";"2018.07.24 03:56:00";"145.694";"-102.05";"18427.97";"OOS1";"SL";"-100.00";"0.00";"56m 0s";""
"14";"GBPJPY_DukasM1_the5ers";"Buy";"2018.07.30 04:00:00";"145.561";"0.46";"2018.07.31 08:00:00";"145.812";"73.20";"18501.17";"OOS1";"Exit After X Bars";"-58.36";"178.38";"1d 4h 0m";""
"15";"GBPJPY_DukasM1_the5ers";"Buy";"2018.08.07 10:00:00";"144.403";"0.56";"2018.08.07 12:55:00";"144.130";"-102.77";"18398.40";"OOS1";"SL";"-99.97";"12.82";"2h 55m";""
"16";"GBPJPY_DukasM1_the5ers";"Buy";"2018.08.23 11:00:00";"142.690";"0.42";"2018.08.24 15:00:00";"142.998";"82.49";"18480.89";"OOS1";"Exit After X Bars";"-73.33";"149.68";"1d 4h 0m";""
"17";"GBPJPY_DukasM1_the5ers";"Buy";"2018.09.04 09:00:00";"142.998";"0.42";"2018.09.04 14:26:00";"142.634";"-102.07";"18378.82";"OOS1";"SL";"-99.97";"68.11";"5h 26m";""
"18";"GBPJPY_DukasM1_the5ers";"Buy";"2018.09.20 11:00:00";"147.868";"0.32";"2018.09.20 14:23:00";"148.708";"174.17";"18553.00";"OOS1";"PT";"-4.39";"175.77";"3h 23m";""
"19";"GBPJPY_DukasM1_the5ers";"Buy";"2018.11.08 18:00:00";"149.402";"0.3";"2018.11.08 21:26:00";"148.901";"-99.78";"18453.21";"OOS1";"SL";"-98.28";"0.00";"3h 26m";""
"20";"GBPJPY_DukasM1_the5ers";"Buy";"2018.11.20 11:00:00";"144.293";"0.27";"2018.11.21 15:00:00";"144.832";"93.82";"18547.03";"OOS1";"Exit After X Bars";"-50.50";"109.11";"1d 4h 0m";""
"21";"GBPJPY_DukasM1_the5ers";"Buy";"2018.11.22 08:00:00";"144.527";"0.36";"2018.11.22 12:15:00";"145.275";"174.29";"18721.31";"OOS1";"PT";"-63.33";"176.09";"4h 15m";""
"22";"GBPJPY_DukasM1_the5ers";"Buy";"2018.12.31 10:00:00";"140.521";"0.38";"2018.12.31 10:27:00";"140.123";"-100.80";"18620.52";"OOS1";"SL";"-98.90";"0.00";"27m 0s";""
"23";"GBPJPY_DukasM1_the5ers";"Buy";"2019.01.11 13:00:00";"138.863";"0.26";"2019.01.14 17:00:00";"138.956";"14.51";"18635.03";"OOS1";"Exit After X Bars";"-93.85";"119.69";"3d 4h 0m";""
"24";"GBPJPY_DukasM1_the5ers";"Buy";"2019.02.07 09:00:00";"142.259";"0.42";"2019.02.07 10:01:00";"141.896";"-101.80";"18533.23";"OOS1";"SL";"-99.70";"3.30";"1h 1m";""
"25";"GBPJPY_DukasM1_the5ers";"Buy";"2019.03.06 22:00:00";"147.275";"0.33";"2019.03.07 13:09:00";"146.820";"-99.84";"18433.39";"OOS1";"SL";"-98.19";"5.83";"15h 9m";""
"26";"GBPJPY_DukasM1_the5ers";"Buy";"2019.03.20 03:00:00";"147.966";"0.36";"2019.03.20 10:19:00";"147.545";"-100.91";"18332.48";"OOS1";"SL";"-99.11";"27.54";"7h 19m";""
"27";"GBPJPY_DukasM1_the5ers";"Buy";"2019.04.08 20:00:00";"145.559";"0.4";"2019.04.09 15:58:00";"145.175";"-102.44";"18230.04";"OOS1";"SL";"-100.44";"128.95";"19h 58m";""
"28";"GBPJPY_DukasM1_the5ers";"Buy";"2019.04.11 03:00:00";"145.374";"0.36";"2019.04.12 06:26:00";"146.121";"174.05";"18404.10";"OOS1";"PT";"-56.50";"175.85";"1d 3h 26m";""
"29";"GBPJPY_DukasM1_the5ers";"Buy";"2019.04.22 00:06:00";"145.292";"0.65";"2019.04.23 03:59:00";"145.057";"-103.14";"18300.96";"OOS1";"SL";"-99.89";"92.66";"1d 3h 53m";""
"30";"GBPJPY_DukasM1_the5ers";"Buy";"2019.05.28 10:00:00";"138.879";"0.48";"2019.05.28 10:18:00";"138.561";"-102.21";"18198.74";"OOS1";"SL";"-99.81";"15.69";"18m 0s";""
"31";"GBPJPY_DukasM1_the5ers";"Buy";"2019.06.04 11:00:00";"136.770";"0.42";"2019.06.04 17:27:00";"137.416";"175.32";"18374.07";"OOS1";"PT";"-26.64";"177.42";"6h 27m";""
"32";"GBPJPY_DukasM1_the5ers";"Buy";"2019.06.28 14:00:00";"136.623";"0.44";"2019.07.01 00:05:00";"137.241";"175.61";"18549.68";"OOS1";"PT";"-14.39";"232.48";"2d 10h 5m";""
"33";"GBPJPY_DukasM1_the5ers";"Buy";"2019.07.04 08:00:00";"135.677";"0.53";"2019.07.05 12:00:00";"135.618";"-23.10";"18526.58";"OOS1";"Exit After X Bars";"-83.18";"57.88";"1d 4h 0m";""
"34";"GBPJPY_DukasM1_the5ers";"Buy";"2019.08.19 09:00:00";"129.378";"0.36";"2019.08.20 09:52:00";"128.956";"-101.14";"18425.44";"OOS1";"SL";"-99.34";"36.02";"1d 0h 52m";""
"35";"GBPJPY_DukasM1_the5ers";"Buy";"2019.09.17 16:00:00";"134.418";"0.35";"2019.09.17 20:13:00";"135.194";"175.86";"18601.29";"OOS1";"PT";"-11.90";"177.61";"4h 13m";""
"36";"GBPJPY_DukasM1_the5ers";"Buy";"2019.10.01 11:00:00";"133.209";"0.41";"2019.10.01 15:03:00";"132.842";"-100.45";"18500.85";"OOS1";"SL";"-98.40";"38.34";"4h 3m";""
"37";"GBPJPY_DukasM1_the5ers";"Buy";"2019.10.03 16:00:00";"132.426";"0.27";"2019.10.03 22:38:00";"131.876";"-98.46";"18402.39";"OOS1";"SL";"-97.11";"20.66";"6h 38m";""
"38";"GBPJPY_DukasM1_the5ers";"Buy";"2019.11.27 12:00:00";"140.416";"0.51";"2019.11.27 18:16:00";"140.948";"174.87";"18577.26";"OOS1";"PT";"-13.67";"177.42";"6h 16m";""
"39";"GBPJPY_DukasM1_the5ers";"Buy";"2019.11.29 09:00:00";"141.411";"0.57";"2019.11.29 11:38:00";"141.143";"-102.74";"18474.52";"OOS1";"SL";"-99.89";"15.65";"2h 38m";""
"40";"GBPJPY_DukasM1_the5ers";"Buy";"2020.02.07 16:00:00";"141.990";"0.42";"2020.02.07 18:46:00";"141.624";"-102.62";"18371.90";"OOS1";"SL";"-100.52";"31.86";"2h 46m";""
"41";"GBPJPY_DukasM1_the5ers";"Buy";"2020.03.27 14:00:00";"133.359";"0.11";"2020.03.30 18:00:00";"134.177";"58.29";"18430.19";"OOS1";"Exit After X Bars";"-65.03";"98.55";"3d 4h 0m";""
"42";"GBPJPY_DukasM1_the5ers";"Buy";"2020.03.31 04:00:00";"133.763";"0.14";"2020.04.01 08:00:00";"133.360";"-37.59";"18392.59";"OOS1";"Exit After X Bars";"-52.64";"78.18";"1d 4h 0m";""
"43";"GBPJPY_DukasM1_the5ers";"Buy";"2020.04.02 04:00:00";"133.083";"0.19";"2020.04.03 08:00:00";"133.694";"74.96";"18467.56";"OOS1";"Exit After X Bars";"-67.71";"124.12";"1d 4h 0m";""
"44";"GBPJPY_DukasM1_the5ers";"Buy";"2020.04.09 13:00:00";"135.266";"0.25";"2020.04.10 17:00:00";"135.241";"-5.34";"18462.22";"OOS1";"Exit After X Bars";"-73.73";"78.14";"1d 4h 0m";""
"45";"GBPJPY_DukasM1_the5ers";"Buy";"2020.04.28 11:00:00";"133.522";"0.38";"2020.04.28 15:58:00";"133.126";"-100.30";"18361.92";"OOS1";"SL";"-98.40";"7.70";"4h 58m";""
"46";"GBPJPY_DukasM1_the5ers";"Buy";"2020.05.05 08:00:00";"132.861";"0.39";"2020.05.05 20:11:00";"132.467";"-102.43";"18259.49";"OOS1";"SL";"-100.48";"80.33";"12h 11m";""
"47";"GBPJPY_DukasM1_the5ers";"Buy";"2020.05.25 04:00:00";"131.226";"0.36";"2020.05.26 08:00:00";"131.754";"122.50";"18381.98";"OOS1";"Exit After X Bars";"-56.03";"139.84";"1d 4h 0m";""
"48";"GBPJPY_DukasM1_the5ers";"Buy";"2020.06.10 15:00:00";"137.331";"0.25";"2020.06.10 16:46:00";"136.726";"-100.16";"18281.83";"OOS1";"SL";"-98.91";"9.65";"1h 46m";""
"49";"GBPJPY_DukasM1_the5ers";"Buy";"2020.06.24 17:00:00";"133.222";"0.24";"2020.06.25 21:00:00";"133.042";"-29.45";"18252.38";"OOS1";"Exit After X Bars";"-85.69";"60.74";"1d 4h 0m";""
"50";"GBPJPY_DukasM1_the5ers";"Buy";"2020.07.03 18:00:00";"134.057";"0.41";"2020.07.06 22:00:00";"134.086";"5.73";"18258.10";"OOS1";"Exit After X Bars";"-25.20";"164.35";"3d 4h 0m";""
"51";"GBPJPY_DukasM1_the5ers";"Buy";"2020.07.30 12:00:00";"136.476";"0.42";"2020.07.30 16:34:00";"137.116";"173.67";"18431.78";"OOS1";"PT";"-22.52";"175.77";"4h 34m";""
"52";"GBPJPY_DukasM1_the5ers";"Buy";"2020.08.10 11:00:00";"138.380";"0.43";"2020.08.11 13:11:00";"139.007";"174.15";"18605.93";"OOS1";"PT";"-48.08";"176.30";"1d 2h 11m";""
"53";"GBPJPY_DukasM1_the5ers";"Buy";"2020.08.26 17:00:00";"140.148";"0.42";"2020.08.27 14:02:00";"139.784";"-102.07";"18503.86";"OOS1";"SL";"-99.97";"40.92";"21h 2m";""
"54";"GBPJPY_DukasM1_the5ers";"Buy";"2020.08.27 16:00:00";"140.220";"0.4";"2020.08.28 04:50:00";"140.899";"175.61";"18679.47";"OOS1";"PT";"-52.58";"177.61";"12h 50m";""
"55";"GBPJPY_DukasM1_the5ers";"Buy";"2020.09.16 13:00:00";"136.247";"0.34";"2020.09.17 03:22:00";"135.806";"-99.75";"18579.72";"OOS1";"SL";"-98.05";"48.25";"14h 22m";""
"56";"GBPJPY_DukasM1_the5ers";"Buy";"2020.09.25 11:00:00";"134.737";"0.33";"2020.09.25 12:42:00";"134.279";"-100.48";"18479.23";"OOS1";"SL";"-98.83";"9.28";"1h 42m";""
"1";"GBPJPY_DukasM1_the5ers";"Buy";"2020.10.09 17:00:00";"137.191";"0.38";"2020.10.13 07:00:00";"137.467";"66.68";"18545.92";"OOS1";"Exit After X Bars";"-25.59";"157.29";"3d 14h 0m";""
"2";"GBPJPY_DukasM1_the5ers";"Buy";"2020.10.27 14:00:00";"136.527";"0.47";"2020.10.27 16:26:00";"136.202";"-102.24";"18443.68";"OOS1";"SL";"-99.89";"15.06";"2h 26m";""
"3";"GBPJPY_DukasM1_the5ers";"Buy";"2020.11.03 11:00:00";"135.740";"0.4";"2020.11.03 17:56:00";"136.546";"208.83";"18652.51";"OOS1";"PT";"-21.97";"210.83";"6h 56m";""
"4";"GBPJPY_DukasM1_the5ers";"Buy";"2020.11.18 11:00:00";"138.085";"0.42";"2020.11.18 23:55:00";"137.722";"-101.80";"18550.71";"OOS1";"SL";"-99.70";"24.99";"12h 55m";""
"5";"GBPJPY_DukasM1_the5ers";"Buy";"2020.11.24 18:00:00";"139.794";"0.38";"2020.11.25 10:40:00";"139.394";"-101.30";"18449.41";"OOS1";"SL";"-99.40";"10.69";"16h 40m";""
"6";"GBPJPY_DukasM1_the5ers";"Buy";"2020.12.15 14:00:00";"139.033";"0.29";"2020.12.17 04:00:00";"139.799";"143.81";"18593.22";"OOS1";"Exit After X Bars";"-80.22";"195.33";"1d 14h 0m";""
"7";"GBPJPY_DukasM1_the5ers";"Buy";"2020.12.17 08:00:00";"140.102";"0.34";"2020.12.17 17:10:00";"139.658";"-100.42";"18492.81";"OOS1";"SL";"-98.72";"65.14";"9h 10m";""
"8";"GBPJPY_DukasM1_the5ers";"Buy";"2020.12.28 06:00:00";"140.502";"0.28";"2020.12.28 12:16:00";"139.971";"-98.63";"18394.18";"OOS1";"SL";"-97.23";"0.00";"6h 16m";""
"9";"GBPJPY_DukasM1_the5ers";"Buy";"2020.12.30 04:00:00";"139.937";"0.38";"2020.12.31 09:59:00";"140.789";"209.81";"18604.00";"OOS1";"PT";"-36.28";"211.71";"1d 5h 59m";""
"10";"GBPJPY_DukasM1_the5ers";"Buy";"2021.01.08 08:00:00";"140.909";"0.42";"2021.01.11 09:30:00";"140.546";"-101.80";"18502.20";"OOS1";"SL";"-99.70";"128.26";"3d 1h 30m";""
"11";"GBPJPY_DukasM1_the5ers";"Buy";"2021.01.13 10:00:00";"141.861";"0.51";"2021.01.13 19:13:00";"141.564";"-101.60";"18400.60";"OOS1";"SL";"-99.05";"132.07";"9h 13m";""
"12";"GBPJPY_DukasM1_the5ers";"Buy";"2021.01.20 02:00:00";"141.770";"0.52";"2021.01.20 17:09:00";"141.475";"-102.91";"18297.69";"OOS1";"SL";"-100.31";"192.46";"15h 9m";""
"13";"GBPJPY_DukasM1_the5ers";"Buy";"2021.03.04 09:00:00";"149.566";"0.37";"2021.03.04 17:38:00";"150.437";"208.89";"18506.58";"OOS1";"PT";"-60.49";"210.74";"8h 38m";""
"14";"GBPJPY_DukasM1_the5ers";"Buy";"2021.03.10 22:00:00";"151.021";"0.38";"2021.03.12 01:09:00";"151.857";"205.84";"18712.42";"OOS1";"PT";"-35.04";"207.74";"1d 3h 9m";""
"15";"GBPJPY_DukasM1_the5ers";"Buy";"2021.04.01 12:00:00";"152.602";"0.37";"2021.04.05 02:00:00";"153.038";"103.64";"18816.06";"OOS1";"Exit After X Bars";"-37.26";"144.20";"3d 14h 0m";""
"16";"GBPJPY_DukasM1_the5ers";"Buy";"2021.04.05 11:00:00";"153.102";"0.49";"2021.04.06 12:29:00";"152.792";"-101.78";"18714.28";"OOS1";"SL";"-99.33";"99.33";"1d 1h 29m";""
"17";"GBPJPY_DukasM1_the5ers";"Buy";"2021.04.28 18:00:00";"151.438";"0.4";"2021.04.29 16:08:00";"152.237";"206.99";"18921.27";"OOS1";"PT";"-58.07";"208.99";"22h 8m";""
"18";"GBPJPY_DukasM1_the5ers";"Buy";"2021.05.04 09:00:00";"151.711";"0.5";"2021.05.04 14:45:00";"151.408";"-101.57";"18819.70";"OOS1";"SL";"-99.07";"112.47";"5h 45m";""
"19";"GBPJPY_DukasM1_the5ers";"Buy";"2021.05.12 16:00:00";"154.068";"0.38";"2021.05.13 11:49:00";"153.665";"-102.04";"18717.66";"OOS1";"SL";"-100.14";"89.71";"19h 49m";""
"20";"GBPJPY_DukasM1_the5ers";"Buy";"2021.05.25 03:00:00";"154.085";"0.55";"2021.05.25 21:54:00";"153.807";"-102.73";"18614.92";"OOS1";"SL";"-99.98";"129.84";"18h 54m";""
"21";"GBPJPY_DukasM1_the5ers";"Buy";"2021.07.05 20:00:00";"153.675";"0.56";"2021.07.06 12:15:00";"153.402";"-102.77";"18512.15";"OOS1";"SL";"-99.97";"143.92";"16h 15m";""
"22";"GBPJPY_DukasM1_the5ers";"Buy";"2021.07.23 07:00:00";"151.753";"0.36";"2021.07.26 21:00:00";"152.485";"170.52";"18682.68";"OOS1";"Exit After X Bars";"-83.10";"200.34";"3d 14h 0m";""
"23";"GBPJPY_DukasM1_the5ers";"Buy";"2021.08.06 16:00:00";"153.093";"0.46";"2021.08.09 04:54:00";"152.763";"-101.57";"18581.11";"OOS1";"SL";"-99.27";"45.72";"2d 12h 54m";""
"24";"GBPJPY_DukasM1_the5ers";"Buy";"2021.08.11 10:00:00";"153.112";"0.6";"2021.08.12 16:54:00";"152.859";"-102.27";"18478.84";"OOS1";"SL";"-99.27";"71.02";"1d 6h 54m";""
"25";"GBPJPY_DukasM1_the5ers";"Buy";"2021.08.30 22:00:00";"151.291";"0.53";"2021.09.01 10:50:00";"151.901";"208.76";"18687.61";"OOS1";"PT";"-83.87";"211.41";"1d 12h 50m";""
"26";"GBPJPY_DukasM1_the5ers";"Buy";"2021.09.07 11:00:00";"152.020";"0.57";"2021.09.07 13:06:00";"151.752";"-102.74";"18584.86";"OOS1";"SL";"-99.89";"5.22";"2h 6m";""
"27";"GBPJPY_DukasM1_the5ers";"Buy";"2021.10.04 11:00:00";"150.777";"0.28";"2021.10.05 17:40:00";"151.909";"205.87";"18790.73";"OOS1";"PT";"-30.39";"207.27";"1d 6h 40m";""
"28";"GBPJPY_DukasM1_the5ers";"Buy";"2021.10.19 04:00:00";"156.941";"0.39";"2021.10.19 13:23:00";"157.759";"206.66";"18997.40";"OOS1";"PT";"-14.03";"208.61";"9h 23m";""
"29";"GBPJPY_DukasM1_the5ers";"Buy";"2021.10.26 03:00:00";"156.588";"0.35";"2021.10.26 13:25:00";"157.505";"208.13";"19205.52";"OOS1";"PT";"-18.77";"209.88";"10h 25m";""
"30";"GBPJPY_DukasM1_the5ers";"Buy";"2021.11.03 10:00:00";"155.159";"0.41";"2021.11.03 20:52:00";"155.940";"207.34";"19412.87";"OOS1";"PT";"-53.62";"209.39";"10h 52m";""
"31";"GBPJPY_DukasM1_the5ers";"Buy";"2021.11.08 14:00:00";"153.378";"0.31";"2021.11.09 16:54:00";"152.898";"-98.85";"19314.01";"OOS1";"SL";"-97.30";"55.75";"1d 2h 54m";""
"32";"GBPJPY_DukasM1_the5ers";"Buy";"2021.11.15 16:00:00";"153.010";"0.43";"2021.11.16 09:49:00";"153.756";"207.62";"19521.63";"OOS1";"PT";"-19.68";"209.77";"17h 49m";""
"33";"GBPJPY_DukasM1_the5ers";"Buy";"2021.11.18 20:00:00";"154.207";"0.37";"2021.11.19 11:01:00";"153.794";"-101.78";"19419.85";"OOS1";"SL";"-99.93";"58.07";"15h 1m";""
"34";"GBPJPY_DukasM1_the5ers";"Buy";"2021.12.28 14:00:00";"154.539";"0.49";"2021.12.28 17:32:00";"154.231";"-101.14";"19318.71";"OOS1";"SL";"-98.69";"13.14";"3h 32m";""
"35";"GBPJPY_DukasM1_the5ers";"Buy";"2021.12.29 11:00:00";"154.392";"0.51";"2021.12.29 18:01:00";"155.026";"208.89";"19527.60";"OOS1";"PT";"-62.70";"211.44";"7h 1m";""
"36";"GBPJPY_DukasM1_the5ers";"Buy";"2021.12.31 09:00:00";"155.471";"0.54";"2021.12.31 13:48:00";"155.186";"-103.34";"19424.26";"OOS1";"SL";"-100.64";"51.56";"4h 48m";""
"37";"GBPJPY_DukasM1_the5ers";"Buy";"2022.02.02 16:00:00";"155.170";"0.43";"2022.02.03 14:00:00";"155.913";"206.77";"19631.04";"OOS1";"PT";"-92.51";"208.92";"22h 0m";""
"38";"GBPJPY_DukasM1_the5ers";"Buy";"2022.02.07 10:00:00";"156.106";"0.4";"2022.02.07 11:12:00";"155.725";"-101.66";"19529.38";"OOS1";"SL";"-99.66";"14.65";"1h 12m";""
"39";"GBPJPY_DukasM1_the5ers";"Buy";"2022.03.10 16:00:00";"152.966";"0.3";"2022.03.10 16:35:00";"152.466";"-99.59";"19429.79";"OOS1";"SL";"-98.09";"0.00";"35m 0s";""
"40";"GBPJPY_DukasM1_the5ers";"Buy";"2022.03.16 11:00:00";"154.518";"0.34";"2022.03.16 18:58:00";"155.452";"205.96";"19635.75";"OOS1";"PT";"-18.01";"207.66";"7h 58m";""
"41";"GBPJPY_DukasM1_the5ers";"Buy";"2022.03.21 16:00:00";"156.990";"0.36";"2022.03.22 06:16:00";"157.883";"208.42";"19844.17";"OOS1";"PT";"-7.06";"210.22";"14h 16m";""
"42";"GBPJPY_DukasM1_the5ers";"Buy";"2022.04.04 06:00:00";"160.855";"0.26";"2022.04.05 20:00:00";"161.703";"142.88";"19987.05";"OOS1";"Exit After X Bars";"-60.36";"188.89";"1d 14h 0m";""
"43";"GBPJPY_DukasM1_the5ers";"Buy";"2022.04.18 02:00:00";"165.309";"0.35";"2022.04.18 04:24:00";"164.871";"-102.00";"19885.05";"OOS1";"SL";"-100.25";"22.89";"2h 24m";""
"44";"GBPJPY_DukasM1_the5ers";"Buy";"2022.05.27 16:00:00";"160.386";"0.22";"2022.05.31 03:08:00";"161.822";"205.49";"20090.54";"OOS1";"PT";"-33.52";"206.59";"3d 11h 8m";""
"45";"GBPJPY_DukasM1_the5ers";"Buy";"2022.06.21 10:00:00";"165.921";"0.22";"2022.06.21 16:35:00";"167.368";"207.07";"20297.61";"OOS1";"PT";"-6.19";"208.17";"6h 35m";""
"46";"GBPJPY_DukasM1_the5ers";"Buy";"2022.06.24 12:00:00";"165.624";"0.18";"2022.06.28 02:00:00";"165.987";"41.83";"20339.44";"OOS1";"Exit After X Bars";"-59.09";"105.82";"3d 14h 0m";""
"47";"GBPJPY_DukasM1_the5ers";"Buy";"2022.06.28 10:00:00";"166.461";"0.24";"2022.06.28 23:59:00";"165.839";"-98.82";"20240.62";"OOS1";"SL";"-97.62";"73.29";"13h 59m";""
"48";"GBPJPY_DukasM1_the5ers";"Buy";"2022.06.29 14:00:00";"165.991";"0.23";"2022.06.30 08:26:00";"165.332";"-100.27";"20140.35";"OOS1";"SL";"-99.12";"52.04";"18h 26m";""
"49";"GBPJPY_DukasM1_the5ers";"Buy";"2022.07.21 14:00:00";"165.775";"0.25";"2022.07.21 16:15:00";"165.168";"-100.48";"20039.87";"OOS1";"SL";"-99.23";"27.14";"2h 15m";""
"50";"GBPJPY_DukasM1_the5ers";"Buy";"2022.08.10 04:00:00";"163.195";"0.3";"2022.08.10 15:30:00";"162.686";"-101.35";"19938.52";"OOS1";"SL";"-99.85";"75.53";"11h 30m";""
"51";"GBPJPY_DukasM1_the5ers";"Buy";"2022.08.25 18:00:00";"161.656";"0.29";"2022.08.29 08:00:00";"161.826";"30.79";"19969.30";"OOS1";"Exit After X Bars";"-81.92";"193.81";"3d 14h 0m";""
"52";"GBPJPY_DukasM1_the5ers";"Buy";"2022.10.10 13:00:00";"161.082";"0.17";"2022.10.11 22:08:00";"160.226";"-96.01";"19873.30";"OOS1";"SL";"-95.16";"175.09";"1d 9h 8m";""
"53";"GBPJPY_DukasM1_the5ers";"Buy";"2022.10.20 15:00:00";"168.570";"0.18";"2022.10.21 12:36:00";"167.735";"-99.18";"19774.11";"OOS1";"SL";"-98.28";"135.36";"21h 36m";""
"54";"GBPJPY_DukasM1_the5ers";"Buy";"2022.10.28 12:00:00";"169.963";"0.19";"2022.10.31 02:20:00";"171.620";"204.92";"19979.04";"OOS1";"PT";"-11.18";"205.87";"2d 14h 20m";""
"55";"GBPJPY_DukasM1_the5ers";"Buy";"2022.11.10 13:00:00";"166.905";"0.23";"2022.11.10 16:35:00";"166.261";"-98.01";"19881.03";"OOS1";"SL";"-96.86";"81.07";"3h 35m";""
"56";"GBPJPY_DukasM1_the5ers";"Buy";"2022.11.18 23:00:00";"166.853";"0.22";"2022.11.21 07:00:00";"166.171";"-99.21";"19781.81";"OOS1";"SL";"-98.11";"17.70";"2d 8h 0m";""
"57";"GBPJPY_DukasM1_the5ers";"Buy";"2022.11.23 09:00:00";"168.007";"0.37";"2022.11.23 13:33:00";"168.884";"210.34";"19992.15";"OOS1";"PT";"-59.52";"212.19";"4h 33m";""
"58";"GBPJPY_DukasM1_the5ers";"Buy";"2022.11.25 11:00:00";"168.115";"0.26";"2022.11.28 03:08:00";"167.542";"-98.72";"19893.43";"OOS1";"SL";"-97.42";"113.40";"2d 16h 8m";""
"59";"GBPJPY_DukasM1_the5ers";"Buy";"2022.12.26 11:00:00";"160.070";"0.26";"2022.12.28 01:00:00";"160.394";"53.79";"19947.22";"OOS1";"Exit After X Bars";"-7.14";"147.92";"1d 14h 0m";""
"60";"GBPJPY_DukasM1_the5ers";"Buy";"2022.12.28 03:00:00";"160.722";"0.29";"2022.12.28 16:07:00";"161.835";"209.62";"20156.84";"OOS1";"PT";"-3.03";"211.07";"13h 7m";""
"61";"GBPJPY_DukasM1_the5ers";"Buy";"2023.01.11 03:00:00";"160.821";"0.26";"2023.01.12 01:34:00";"160.249";"-98.55";"20058.29";"OOS1";"SL";"-97.25";"64.78";"22h 34m";""
"62";"GBPJPY_DukasM1_the5ers";"Buy";"2023.02.09 13:00:00";"158.994";"0.26";"2023.02.10 09:20:00";"158.422";"-98.55";"19959.73";"OOS1";"SL";"-97.25";"107.11";"20h 20m";""
"63";"GBPJPY_DukasM1_the5ers";"Buy";"2023.02.16 12:00:00";"161.389";"0.29";"2023.02.16 15:58:00";"160.876";"-98.73";"19861.00";"OOS1";"SL";"-97.28";"22.19";"3h 58m";""
"64";"GBPJPY_DukasM1_the5ers";"Buy";"2023.02.20 20:00:00";"161.578";"0.36";"2023.02.21 11:36:00";"162.468";"207.72";"20068.72";"OOS1";"PT";"-35.55";"209.52";"15h 36m";""
"65";"GBPJPY_DukasM1_the5ers";"Buy";"2023.02.23 15:00:00";"162.652";"0.33";"2023.02.23 17:40:00";"162.196";"-100.05";"19968.66";"OOS1";"SL";"-98.40";"41.22";"2h 40m";""
"66";"GBPJPY_DukasM1_the5ers";"Buy";"2023.03.30 11:00:00";"163.538";"0.27";"2023.03.31 02:37:00";"164.731";"209.29";"20177.95";"OOS1";"PT";"-52.97";"210.64";"15h 37m";""
"67";"GBPJPY_DukasM1_the5ers";"Buy";"2023.04.07 07:00:00";"163.930";"0.29";"2023.04.10 17:00:00";"165.038";"208.67";"20386.62";"OOS1";"PT";"-90.65";"210.12";"3d 10h 0m";""
"68";"GBPJPY_DukasM1_the5ers";"Buy";"2023.04.11 17:00:00";"165.653";"0.3";"2023.04.13 07:00:00";"166.399";"144.85";"20531.47";"OOS1";"Exit After X Bars";"-54.14";"183.62";"1d 14h 0m";""
"69";"GBPJPY_DukasM1_the5ers";"Buy";"2023.04.19 04:00:00";"166.598";"0.38";"2023.04.19 09:39:00";"167.437";"206.58";"20738.05";"OOS1";"PT";"-24.10";"208.48";"5h 39m";""
"1";"GBPJPY_DukasM1_the5ers";"Buy";"2023.05.25 22:00:00";"172.425";"0.33";"2023.05.29 01:01:00";"173.852";"306.29";"21044.34";"OOS1";"PT";"-48.55";"307.94";"3d 3h 1m";""
"2";"GBPJPY_DukasM1_the5ers";"Buy";"2023.06.02 17:00:00";"174.553";"0.39";"2023.06.02 18:47:00";"174.165";"-100.90";"20943.44";"OOS1";"SL";"-98.95";"4.08";"1h 47m";""
"3";"GBPJPY_DukasM1_the5ers";"Buy";"2023.06.29 20:00:00";"182.853";"0.4";"2023.06.30 00:04:00";"182.471";"-101.92";"20841.52";"OOS1";"SL";"-99.92";"0.00";"4h 4m";""
"4";"GBPJPY_DukasM1_the5ers";"Buy";"2023.06.30 11:00:00";"183.094";"0.39";"2023.06.30 11:52:00";"182.700";"-102.43";"20739.09";"OOS1";"SL";"-100.48";"9.95";"52m 0s";""
"5";"GBPJPY_DukasM1_the5ers";"Buy";"2023.07.04 15:00:00";"183.650";"0.49";"2023.07.05 11:02:00";"183.339";"-102.10";"20636.98";"OOS1";"SL";"-99.65";"114.71";"20h 2m";""
"6";"GBPJPY_DukasM1_the5ers";"Buy";"2023.07.25 20:00:00";"181.654";"0.35";"2023.07.26 11:20:00";"181.219";"-101.31";"20535.68";"OOS1";"SL";"-99.56";"64.77";"15h 20m";""
"7";"GBPJPY_DukasM1_the5ers";"Buy";"2023.08.01 17:00:00";"183.035";"0.31";"2023.08.02 00:54:00";"182.549";"-100.07";"20435.61";"OOS1";"SL";"-98.52";"42.77";"7h 54m";""
"8";"GBPJPY_DukasM1_the5ers";"Buy";"2023.09.19 10:00:00";"183.022";"0.59";"2023.09.19 12:00:00";"182.764";"-102.49";"20333.12";"OOS1";"SL";"-99.54";"28.55";"2h 0m";""
"9";"GBPJPY_DukasM1_the5ers";"Buy";"2023.09.25 14:00:00";"181.874";"0.45";"2023.09.25 16:36:00";"181.535";"-102.01";"20231.11";"OOS1";"SL";"-99.76";"22.66";"2h 36m";""
"10";"GBPJPY_DukasM1_the5ers";"Buy";"2023.10.26 11:00:00";"181.921";"0.42";"2023.10.26 13:37:00";"181.563";"-100.42";"20130.68";"OOS1";"SL";"-98.32";"8.51";"2h 37m";""
"11";"GBPJPY_DukasM1_the5ers";"Buy";"2023.11.02 15:00:00";"183.218";"0.36";"2023.11.03 16:35:00";"184.515";"303.53";"20434.21";"OOS1";"PT";"-49.44";"305.33";"1d 1h 35m";""
"12";"GBPJPY_DukasM1_the5ers";"Buy";"2023.11.08 15:00:00";"184.916";"0.56";"2023.11.09 11:03:00";"185.762";"307.00";"20741.22";"OOS1";"PT";"-12.45";"309.80";"20h 3m";""
"13";"GBPJPY_DukasM1_the5ers";"Buy";"2023.12.06 13:00:00";"185.693";"0.43";"2023.12.06 15:06:00";"185.343";"-100.57";"20640.65";"OOS1";"SL";"-98.42";"0.84";"2h 6m";""
"14";"GBPJPY_DukasM1_the5ers";"Buy";"2023.12.13 09:00:00";"183.135";"0.35";"2023.12.13 09:37:00";"182.704";"-100.39";"20540.26";"OOS1";"SL";"-98.64";"0.00";"37m 0s";""
"15";"GBPJPY_DukasM1_the5ers";"Buy";"2024.01.16 08:00:00";"185.350";"0.49";"2024.01.16 09:00:00";"185.040";"-101.78";"20438.48";"OOS1";"SL";"-99.33";"15.70";"1h 0m";""
"16";"GBPJPY_DukasM1_the5ers";"Buy";"2024.01.22 19:00:00";"188.296";"0.42";"2024.01.23 08:47:00";"187.931";"-102.35";"20336.13";"OOS1";"SL";"-100.25";"167.81";"13h 47m";""
"17";"GBPJPY_DukasM1_the5ers";"Buy";"2024.02.20 12:00:00";"189.405";"0.66";"2024.02.20 13:14:00";"189.174";"-103.00";"20233.13";"OOS1";"SL";"-99.70";"42.30";"1h 14m";""
"18";"GBPJPY_DukasM1_the5ers";"Buy";"2024.02.21 19:00:00";"189.697";"0.57";"2024.02.22 10:15:00";"190.525";"305.78";"20538.91";"OOS1";"PT";"-53.30";"308.63";"15h 15m";""
"19";"GBPJPY_DukasM1_the5ers";"Buy";"2024.03.19 02:00:00";"189.824";"0.56";"2024.03.19 05:40:00";"190.668";"306.27";"20845.18";"OOS1";"PT";"-88.99";"309.07";"3h 40m";""
"20";"GBPJPY_DukasM1_the5ers";"Buy";"2024.05.01 11:00:00";"197.122";"0.31";"2024.05.01 16:44:00";"196.636";"-100.07";"20745.11";"OOS1";"SL";"-98.52";"60.21";"5h 44m";""
"21";"GBPJPY_DukasM1_the5ers";"Buy";"2024.05.09 20:00:00";"194.763";"0.43";"2024.05.13 17:28:00";"195.857";"305.47";"21050.58";"OOS1";"PT";"-97.85";"307.62";"3d 21h 28m";""
"22";"GBPJPY_DukasM1_the5ers";"Buy";"2024.05.28 21:00:00";"200.541";"0.62";"2024.05.29 09:08:00";"200.295";"-102.84";"20947.74";"OOS1";"SL";"-99.74";"78.25";"12h 8m";""
"23";"GBPJPY_DukasM1_the5ers";"Buy";"2024.05.29 16:00:00";"200.351";"0.56";"2024.05.29 17:32:00";"200.076";"-103.50";"20844.24";"OOS1";"SL";"-100.70";"35.52";"1h 32m";""
"24";"GBPJPY_DukasM1_the5ers";"Buy";"2024.06.20 18:00:00";"201.355";"0.52";"2024.06.20 19:03:00";"201.061";"-102.57";"20741.67";"OOS1";"SL";"-99.97";"9.18";"1h 3m";""
"25";"GBPJPY_DukasM1_the5ers";"Buy";"2024.06.21 10:00:00";"201.185";"0.56";"2024.06.21 10:17:00";"200.913";"-102.41";"20639.26";"OOS1";"SL";"-99.61";"15.75";"17m 0s";""
"26";"GBPJPY_DukasM1_the5ers";"Buy";"2024.07.02 14:00:00";"204.323";"0.48";"2024.07.03 08:59:00";"205.293";"302.07";"20941.33";"OOS1";"PT";"-7.85";"304.47";"18h 59m";""
"27";"GBPJPY_DukasM1_the5ers";"Buy";"2024.08.14 11:00:00";"189.257";"0.23";"2024.08.14 13:54:00";"188.599";"-100.11";"20841.21";"OOS1";"SL";"-98.96";"15.64";"2h 54m";""
"28";"GBPJPY_DukasM1_the5ers";"Buy";"2024.08.15 05:00:00";"189.234";"0.26";"2024.08.15 15:54:00";"190.995";"298.11";"21139.32";"OOS1";"PT";"-60.02";"299.41";"10h 54m";""
"29";"GBPJPY_DukasM1_the5ers";"Buy";"2024.08.28 17:00:00";"191.135";"0.3";"2024.08.28 18:20:00";"190.634";"-99.78";"21039.53";"OOS1";"SL";"-98.28";"11.57";"1h 20m";""
"30";"GBPJPY_DukasM1_the5ers";"Buy";"2024.10.08 16:00:00";"193.947";"0.25";"2024.10.10 18:00:00";"194.049";"15.43";"21054.96";"OOS1";"Exit After X Bars";"-62.29";"252.91";"2d 2h 0m";""
"31";"GBPJPY_DukasM1_the5ers";"Buy";"2024.10.16 08:00:00";"195.159";"0.35";"2024.10.16 09:00:00";"194.731";"-99.71";"20955.25";"OOS1";"SL";"-97.96";"26.32";"1h 0m";""
"32";"GBPJPY_DukasM1_the5ers";"Buy";"2024.11.06 02:00:00";"197.516";"0.31";"2024.11.06 04:43:00";"199.001";"299.48";"21254.73";"OOS1";"PT";"-37.91";"301.03";"2h 43m";""
"33";"GBPJPY_DukasM1_the5ers";"Buy";"2024.12.18 00:05:00";"194.822";"0.34";"2024.12.18 22:04:00";"194.371";"-101.97";"21152.76";"OOS1";"SL";"-100.27";"210.11";"21h 59m";""
"34";"GBPJPY_DukasM1_the5ers";"Buy";"2024.12.24 14:00:00";"196.873";"0.42";"2024.12.25 00:43:00";"196.509";"-102.07";"21050.69";"OOS1";"SL";"-99.97";"205.71";"10h 43m";""
"35";"GBPJPY_DukasM1_the5ers";"Buy";"2025.01.17 13:00:00";"190.041";"0.27";"2025.01.17 16:14:00";"189.473";"-101.64";"20949.05";"OOS1";"SL";"-100.29";"22.25";"3h 14m";""
"36";"GBPJPY_DukasM1_the5ers";"Buy";"2025.01.23 14:00:00";"192.689";"0.39";"2025.01.23 18:14:00";"192.304";"-100.14";"20848.92";"OOS1";"SL";"-98.19";"15.05";"4h 14m";""
"37";"GBPJPY_DukasM1_the5ers";"Buy";"2025.03.18 23:00:00";"194.029";"0.32";"2025.03.19 09:37:00";"193.558";"-100.16";"20748.76";"OOS1";"SL";"-98.56";"137.90";"10h 37m";""
"38";"GBPJPY_DukasM1_the5ers";"Buy";"2025.03.19 16:00:00";"194.598";"0.28";"2025.03.19 20:09:00";"194.056";"-100.64";"20648.12";"OOS1";"SL";"-99.24";"19.23";"4h 9m";""
"39";"GBPJPY_DukasM1_the5ers";"Buy";"2025.04.15 23:00:00";"189.396";"0.26";"2025.04.16 08:25:00";"188.810";"-100.93";"20547.19";"OOS1";"SL";"-99.63";"29.07";"9h 25m";""
"40";"GBPJPY_DukasM1_the5ers";"Buy";"2025.04.16 12:00:00";"189.453";"0.26";"2025.04.16 15:42:00";"188.877";"-99.23";"20447.96";"OOS1";"SL";"-97.93";"20.06";"3h 42m";""
"41";"GBPJPY_DukasM1_the5ers";"Buy";"2025.04.22 04:00:00";"188.334";"0.37";"2025.04.22 06:03:00";"187.919";"-102.26";"20345.70";"OOS1";"SL";"-100.41";"50.57";"2h 3m";""
"42";"GBPJPY_DukasM1_the5ers";"Buy";"2025.06.03 16:00:00";"193.677";"0.36";"2025.06.04 04:00:00";"194.982";"305.41";"20651.11";"OOS1";"PT";"-22.84";"307.21";"12h 0m";""
"43";"GBPJPY_DukasM1_the5ers";"Buy";"2025.06.10 04:00:00";"195.900";"0.47";"2025.06.10 09:01:00";"195.573";"-102.85";"20548.26";"OOS1";"SL";"-100.50";"165.66";"5h 1m";""
"44";"GBPJPY_DukasM1_the5ers";"Buy";"2025.06.25 04:00:00";"197.302";"0.37";"2025.06.25 16:26:00";"198.553";"300.83";"20849.09";"OOS1";"PT";"-63.63";"302.68";"12h 26m";""
"45";"GBPJPY_DukasM1_the5ers";"Buy";"2025.07.25 12:00:00";"198.932";"0.36";"2025.07.25 16:04:00";"198.513";"-100.44";"20748.65";"OOS1";"SL";"-98.64";"34.13";"4h 4m";""
"46";"GBPJPY_DukasM1_the5ers";"Buy";"2025.08.06 13:00:00";"196.586";"0.46";"2025.08.06 16:29:00";"196.252";"-102.77";"20645.88";"OOS1";"SL";"-100.47";"18.95";"3h 29m";""
"47";"GBPJPY_DukasM1_the5ers";"Buy";"2025.08.11 21:00:00";"198.770";"0.46";"2025.08.12 11:36:00";"199.782";"302.11";"20948.00";"OOS1";"PT";"-18.35";"304.41";"14h 36m";""
"48";"GBPJPY_DukasM1_the5ers";"Buy";"2025.08.28 04:00:00";"198.923";"0.52";"2025.08.28 08:21:00";"198.629";"-102.57";"20845.42";"OOS1";"SL";"-99.97";"71.07";"4h 21m";""
"49";"GBPJPY_DukasM1_the5ers";"Buy";"2025.09.11 09:00:00";"199.481";"0.59";"2025.09.12 12:28:00";"200.275";"303.39";"21148.81";"OOS1";"PT";"-41.67";"306.34";"1d 3h 28m";""
"50";"GBPJPY_DukasM1_the5ers";"Buy";"2025.09.17 23:00:00";"200.173";"0.47";"2025.09.18 11:53:00";"201.174";"305.30";"21454.11";"OOS1";"PT";"-41.80";"307.65";"12h 53m";""
"51";"GBPJPY_DukasM1_the5ers";"Buy";"2025.11.03 19:00:00";"202.656";"0.37";"2025.11.04 04:58:00";"202.241";"-102.26";"21351.85";"OOS1";"SL";"-100.41";"35.32";"9h 58m";""
"52";"GBPJPY_DukasM1_the5ers";"Buy";"2025.11.13 11:00:00";"203.475";"0.42";"2025.11.13 11:23:00";"203.116";"-100.70";"21251.15";"OOS1";"SL";"-98.60";"6.04";"23m 0s";""
"53";"GBPJPY_DukasM1_the5ers";"Buy";"2025.11.28 03:00:00";"207.086";"0.45";"2025.11.28 04:32:00";"206.747";"-102.01";"21149.15";"OOS1";"SL";"-99.76";"7.65";"1h 32m";""
"54";"GBPJPY_DukasM1_the5ers";"Buy";"2025.12.10 22:00:00";"208.843";"0.45";"2025.12.11 00:04:00";"208.409";"-129.96";"21019.19";"OOS1";"SL";"-127.71";"15.30";"2h 4m";""
"55";"GBPJPY_DukasM1_the5ers";"Buy";"2025.12.31 15:00:00";"210.900";"0.49";"2025.12.31 17:10:00";"210.588";"-102.42";"20916.77";"OOS1";"SL";"-99.97";"62.48";"2h 10m";""
